Concatenated Naming,Headset Name,Headset Brand,Headset Model,Lens Configuration,Physical Per-Eye Resolution Width,Physical Per-Eye Resolution Height,Render target size (native) Width,Render target size (native) Height,Hz,SC Attributes FOV,VorpX Config Pixel 1:1 Zoom,All Possible Lens Configurations,Custom Resolution List,Alternative Integer Resolutions (small list),Alternative Integer Resolutions (big list),Give me all the resolutions,Attributes - FPS Color Correction Profile,Attributes - Flight Color Correction Profile,Attributes - Scatter Distance Options,Attributes - Tesselation Distance Options,Attributes - Volumetric Clouds On/Off Options,Attributes - HeadTracking,Attributes - Remove These Lines from Attributes.xml,Attributes - Fixed Values,Attributes - Other
Bigscreen Beyond | Native+R90,Bigscreen Beyond,Bigscreen,Beyond,Native+R90,2560,2560,2688,2688,90Hz,102.6000°,1.085,Native+R90,"896 x 672 ( Safe Mode ) 25%, 1182 x 888 ( Extremely High Performance ) 33%, 1470 x 1102 ( High Performance ) 41%, 1792 x 1344 ( High Performance ) 50%, 2366 x 1774 ( Performance ) 66%, 2688 x 2016 ( Quality ) 75%, 3010 x 2258 ( High Quality ) 84%, 3334 x 2500 ( High Quality ) 93%, 3584 x 2688 ( Very High Quality ) 100%, 4300 x 3226 ( Extremely High Quality ) 120%, 888 x 666 ( Safe Mode ) ~25%, 1102 x 826 ( Extremely High Performance ) ~31%, 1344 x 1008 ( Extremely High Performance ) ~38%, 1774 x 1330 ( High Performance ) ~49%, 2016 x 1512 ( Performance ) ~56%, 2258 x 1694 ( Performance ) ~63%, 2500 x 1874 ( Quality ) ~70%, 2688 x 2016 ( Quality ) ~75%, 3226 x 2420 ( High Quality ) ~90%","640 x 480 (Safe Mode), 880 x 660 (Safe Mode), 960 x 720 (Safe Mode), 1120 x 840 (Extremely High Performance), 1280 x 960 (Extremely High Performance), 1360 x 1020 (Extremely High Performance), 1600 x 1200 (High Performance), 1840 x 1380 (High Performance), 1920 x 1440 (High Performance), 2080 x 1560 (Performance), 2240 x 1680 (Performance), 2320 x 1740 (Performance), 2560 x 1920 (Quality), 2800 x 2100 (Quality), 2880 x 2160 (Quality), 3040 x 2280 (High Quality), 3200 x 2400 (High Quality), 3280 x 2460 (High Quality), 3520 x 2640 (Very High Quality), 3760 x 2820 (Very High Quality), 3840 x 2880 (Very High Quality), 4000 x 3000 (Extremely High Quality), 4160 x 3120 (Extremely High Quality), 4240 x 3180 (Extremely High Quality), 4480 x 3360 (Supreme Quality), 4720 x 3540 (Supreme Quality), 4800 x 3600 (Supreme Quality), 4960 x 3720 (Ultimate Quality), 5120 x 3840 (Ultimate Quality), 5200 x 3900 (Ultimate Quality), 5440 x 4080 (Hyperion Quality)","640 x 480 (Safe Mode), 880 x 660 (Safe Mode), 960 x 720 (Safe Mode), 1040 x 780 (Extremely High Performance), 1120 x 840 (Extremely High Performance), 1280 x 960 (Extremely High Performance), 1360 x 1020 (Extremely High Performance), 1440 x 1080 (Extremely High Performance), 1600 x 1200 (High Performance), 1840 x 1380 (High Performance), 1920 x 1440 (High Performance), 2080 x 1560 (Performance), 2240 x 1680 (Performance), 2320 x 1740 (Performance), 2560 x 1920 (Quality), 2640 x 1980 (Quality), 2800 x 2100 (Quality), 2880 x 2160 (Quality), 3040 x 2280 (High Quality), 3200 x 2400 (High Quality), 3280 x 2460 (High Quality), 3440 x 2580 (Very High Quality), 3520 x 2640 (Very High Quality), 3760 x 2820 (Very High Quality), 3840 x 2880 (Very High Quality), 4000 x 3000 (Extremely High Quality), 4160 x 3120 (Extremely High Quality), 4240 x 3180 (Extremely High Quality), 4480 x 3360 (Supreme Quality), 4640 x 3480 (Supreme Quality), 4720 x 3540 (Supreme Quality), 4800 x 3600 (Supreme Quality), 4960 x 3720 (Ultimate Quality), 5040 x 3780 (Ultimate Quality), 5120 x 3840 (Ultimate Quality), 5200 x 3900 (Ultimate Quality), 5440 x 4080 (Hyperion Quality)","640 x 480 (Safe Mode), 680 x 510 (Safe Mode), 720 x 540 (Safe Mode), 760 x 570 (Safe Mode), 800 x 600 (Safe Mode), 840 x 630 (Safe Mode), 880 x 660 (Safe Mode), 920 x 690 (Safe Mode), 960 x 720 (Safe Mode), 1000 x 750 (Extremely High Performance), 1040 x 780 (Extremely High Performance), 1080 x 810 (Extremely High Performance), 1120 x 840 (Extremely High Performance), 1160 x 870 (Extremely High Performance), 1200 x 900 (Extremely High Performance), 1240 x 930 (Extremely High Performance), 1280 x 960 (Extremely High Performance), 1320 x 990 (Extremely High Performance), 1360 x 1020 (Extremely High Performance), 1400 x 1050 (Extremely High Performance), 1440 x 1080 (Extremely High Performance), 1480 x 1110 (High Performance), 1520 x 1140 (High Performance), 1560 x 1170 (High Performance), 1600 x 1200 (High Performance), 1640 x 1230 (High Performance), 1680 x 1260 (High Performance), 1720 x 1290 (High Performance), 1760 x 1320 (High Performance), 1800 x 1350 (High Performance), 1840 x 1380 (High Performance), 1880 x 1410 (High Performance), 1920 x 1440 (High Performance), 1960 x 1470 (Performance), 2000 x 1500 (Performance), 2040 x 1530 (Performance), 2080 x 1560 (Performance), 2120 x 1590 (Performance), 2160 x 1620 (Performance), 2200 x 1650 (Performance), 2240 x 1680 (Performance), 2280 x 1710 (Performance), 2320 x 1740 (Performance), 2360 x 1770 (Performance), 2400 x 1800 (Performance), 2440 x 1830 (Quality), 2480 x 1860 (Quality), 2520 x 1890 (Quality), 2560 x 1920 (Quality), 2600 x 1950 (Quality), 2640 x 1980 (Quality), 2680 x 2010 (Quality), 2720 x 2040 (Quality), 2760 x 2070 (Quality), 2800 x 2100 (Quality), 2840 x 2130 (Quality), 2880 x 2160 (Quality), 2920 x 2190 (High Quality), 2960 x 2220 (High Quality), 3000 x 2250 (High Quality), 3040 x 2280 (High Quality), 3080 x 2310 (High Quality), 3120 x 2340 (High Quality), 3160 x 2370 (High Quality), 3200 x 2400 (High Quality), 3240 x 2430 (High Quality), 3280 x 2460 (High Quality), 3320 x 2490 (High Quality), 3360 x 2520 (High Quality), 3400 x 2550 (Very High Quality), 3440 x 2580 (Very High Quality), 3480 x 2610 (Very High Quality), 3520 x 2640 (Very High Quality), 3560 x 2670 (Very High Quality), 3600 x 2700 (Very High Quality), 3640 x 2730 (Very High Quality), 3680 x 2760 (Very High Quality), 3720 x 2790 (Very High Quality), 3760 x 2820 (Very High Quality), 3800 x 2850 (Very High Quality), 3840 x 2880 (Very High Quality), 3880 x 2910 (Extremely High Quality), 3920 x 2940 (Extremely High Quality), 3960 x 2970 (Extremely High Quality), 4000 x 3000 (Extremely High Quality), 4040 x 3030 (Extremely High Quality), 4080 x 3060 (Extremely High Quality), 4120 x 3090 (Extremely High Quality), 4160 x 3120 (Extremely High Quality), 4200 x 3150 (Extremely High Quality), 4240 x 3180 (Extremely High Quality), 4280 x 3210 (Extremely High Quality), 4320 x 3240 (Extremely High Quality), 4360 x 3270 (Supreme Quality), 4400 x 3300 (Supreme Quality), 4440 x 3330 (Supreme Quality), 4480 x 3360 (Supreme Quality), 4520 x 3390 (Supreme Quality), 4560 x 3420 (Supreme Quality), 4600 x 3450 (Supreme Quality), 4640 x 3480 (Supreme Quality), 4680 x 3510 (Supreme Quality), 4720 x 3540 (Supreme Quality), 4760 x 3570 (Supreme Quality), 4800 x 3600 (Supreme Quality), 4840 x 3630 (Ultimate Quality), 4880 x 3660 (Ultimate Quality), 4920 x 3690 (Ultimate Quality), 4960 x 3720 (Ultimate Quality), 5000 x 3750 (Ultimate Quality), 5040 x 3780 (Ultimate Quality), 5080 x 3810 (Ultimate Quality), 5120 x 3840 (Ultimate Quality), 5160 x 3870 (Ultimate Quality), 5200 x 3900 (Ultimate Quality), 5240 x 3930 (Ultimate Quality), 5280 x 3960 (Ultimate Quality), 5320 x 3990 (Hyperion Quality), 5360 x 4020 (Hyperion Quality), 5400 x 4050 (Hyperion Quality), 5440 x 4080 (Hyperion Quality)",,,"ScatterDist: 0 | Medium (Default), ScatterDist: 750 | Low (In-Game Preset), ScatterDist: 1300 | High (In-Game Preset), ScatterDist: 1850 | Pretty High (Custom), ScatterDist: 2400 | Pretty High (Custom), ScatterDist: 2950 | Very High (Custom - Recommended), ScatterDist: 3500 | Very High (Custom), ScatterDist: 4050 | Extreme (Custom), ScatterDist: 4600 | Extreme (Custom), ScatterDist: 5150 | Supreme (Custom), ScatterDist: 5700 | Supreme (Custom), ScatterDist: 6250 | Ultimate (Custom), ScatterDist: 6800 | Ultimate (Custom), ScatterDist: 7350 | Hyperion (Custom), ScatterDist: 7900 | Hyperion (Custom), ScatterDist: 8450 | Ludicrous (Custom), ScatterDist: 9000 | Over 9000! (Custom)","TerrainTessDistance: 0 | In-Game Default (Medium), TerrainTessDistance: 5 | In-Game Preset (Low), TerrainTessDistance: 50 | In-Game Preset (High), TerrainTessDistance: 55 | Further (Custom), TerrainTessDistance: 60 | Further (Custom), TerrainTessDistance: 65 | Further (Custom), TerrainTessDistance: 70 | Beyond Further (Custom), TerrainTessDistance: 75 | Beyond Further (Custom), TerrainTessDistance: 80 | Beyond Further (Custom), TerrainTessDistance: 85 | Far (Custom), TerrainTessDistance: 90 | Far (Custom), TerrainTessDistance: 95 | Far (Custom), TerrainTessDistance: 100 | Doubled (Custom - Recommended), TerrainTessDistance: 150 | Trippled (Custom), TerrainTessDistance: 200 | Quadroupled (Custom), TerrainTessDistance: 250 | Quintoupled (Custom), TerrainTessDistance: 300 | Sextupled (Custom)","SysSpecPlanetVolumetricClouds: 1 | Performance (Off - Recommended), SysSpecPlanetVolumetricClouds: 4 | Quality (On)","AutoZoomOnSelectedTarget: 0, AutoZoomOnSelectedTargetStrength: 0, GForceHeadBobScale: 0, GForceZoomScale: 0, HeadTrackingFaceWareDeadzoneRotationPitch: 10, HeadTrackingFaceWareDeadzoneRotationRoll: 2, HeadTrackingFaceWareDeadzoneRotationYaw: 10, HeadTrackingFaceWareSmoothingThreshold: 1, HeadTrackingFacewarePitchMultiplier: 8, HeadTrackingFacewareYawMultiplier: 8, HeadtrackingDisableDuringADS: 0, HeadtrackingDisableDuringWalking: 0, HeadtrackingEnableRollFPS: 1, HeadtrackingGlobalSmoothingPosition: 0, HeadtrackingGlobalSmoothingRotation: 0, HeadtrackingInactivityTime: 2, HeadtrackingSource: 1, HeadtrackingThirdPersonCameraToggle: 1, HeadtrackingToggle: 1, HeadtrackingToggleAutoCalibrate: 0, LookAheadStrengthForward: 1, LookAheadStrengthHorizonAlignment: 1, LookAheadStrengthHorizonLookAt: 1, LookAheadStrengthJumpPointSpline: 1, LookAheadStrengthMgvForward: 1, LookAheadStrengthMgvHorizonAlignment: 1, LookAheadStrengthMgvPitchYaw: 1, LookAheadStrengthMgvVJoy: 1, LookAheadStrengthQuantumBoostTarget: 1, LookAheadStrengthRoll: 1, LookAheadStrengthTargetSoft: 1, LookAheadStrengthTurretForward: 1, LookAheadStrengthTurretPitchYaw: 1, LookAheadStrengthTurretVJoy: 1, LookAheadStrengthVJoy: 1, LookAheadStrengthVelocityVector: 1, LookAheadStrengthYawPitch: 1, TobiiHeadPositionScale: 3, TobiiHeadSensitivityRoll_Profile0: 1, TobiiHeadSensitivityRoll_Profile1: 1, ZoomSensitivityMultiplierToggle: 0","SysSpec, SysSpecGameEffects, SysSpecGasCloud, SysSpecObjectDetail, SysSpecParticles, SysSpecPostProcessing, SysSpecShading, SysSpecShadows, SysSpecWater","ChromaticAberration: 0, FilmGrain: 0, MotionBlur: 0, ShakeScale: 1, Sharpening: 1, VSync: 0, WindowMode: 2","WeaponFallbackConvergenceDistance: 1500, IgnoreWindowFocus: 1, ManualGimbalModeShipsDefault: 1"
DPVR E4 | Native+R120,DPVR E4,DPVR,E4,Native+R120,1832,1920,2204,2204,120Hz,105.5150°,1.090,Native+R120,"970 x 728 ( Extremely High Performance ) 33%, 1206 x 904 ( Extremely High Performance ) 41%, 1470 x 1102 ( High Performance ) 50%, 1940 x 1456 ( Performance ) 66%, 2206 x 1654 ( Performance ) 75%, 2470 x 1852 ( Quality ) 84%, 2734 x 2050 ( Quality ) 93%, 2940 x 2206 ( High Quality ) 100%, 3528 x 2646 ( Very High Quality ) 120%, 904 x 678 ( Safe Mode ) ~31%, 1102 x 826 ( Extremely High Performance ) ~37%, 1454 x 1090 ( High Performance ) ~49%, 1654 x 1240 ( High Performance ) ~56%, 1852 x 1388 ( High Performance ) ~63%, 2050 x 1538 ( Performance ) ~70%, 2204 x 1654 ( Performance ) ~75%, 2644 x 1984 ( Quality ) ~90%",,,,,,,,,,,,
HP Reverb | Native+R90,HP Reverb,HP,Reverb,Native+R90,2160,2160,1608,1576,90Hz,102.4396°,1.085,Native+R90,"862 x 646 ( Safe Mode ) 41%, 1052 x 790 ( Extremely High Performance ) 50%, 1388 x 1042 ( Extremely High Performance ) 66%, 1578 x 1184 ( High Performance ) 75%, 1768 x 1326 ( High Performance ) 84%, 1956 x 1468 ( Performance ) 93%, 2104 x 1578 ( Performance ) 100%, 2524 x 1894 ( Quality ) 120%, 804 x 604 ( Safe Mode ) ~38%, 1062 x 796 ( Extremely High Performance ) ~50%, 1206 x 904 ( Extremely High Performance ) ~57%, 1350 x 1014 ( Extremely High Performance ) ~64%, 1496 x 1122 ( High Performance ) ~71%, 1608 x 1206 ( High Performance ) ~76%, 1930 x 1448 ( Performance ) ~92%",,,,,,,,,,,,
HP Reverb G2 | Native+R90,HP Reverb G2,HP,Reverb G2,Native+R90,2160,2160,2248,2192,90Hz,102.0518°,1.210,Native+R90,"964 x 724 ( Extremely High Performance ) 33%, 1198 x 900 ( Extremely High Performance ) 41%, 1462 x 1096 ( High Performance ) 50%, 1930 x 1448 ( Performance ) 66%, 2194 x 1644 ( Performance ) 75%, 2456 x 1842 ( Quality ) 84%, 2720 x 2040 ( Quality ) 93%, 2924 x 2194 ( High Quality ) 100%, 3508 x 2632 ( Very High Quality ) 120%, 922 x 692 ( Safe Mode ) ~32%, 1124 x 844 ( Extremely High Performance ) ~38%, 1484 x 1112 ( High Performance ) ~51%, 1686 x 1264 ( High Performance ) ~58%, 1888 x 1416 ( High Performance ) ~65%, 2090 x 1568 ( Performance ) ~72%, 2248 x 1686 ( Performance ) ~77%, 2698 x 2024 ( Quality ) ~92%",,,,,,,,,,,,
HTC Vive | Native+R90,HTC Vive,HTC,Vive,Native+R90,1080,1200,1852,2056,90Hz,112.6678°,1.230,Native+R90,"906 x 680 ( Safe Mode ) 33%, 1126 x 844 ( Extremely High Performance ) 41%, 1372 x 1030 ( Extremely High Performance ) 50%, 1812 x 1358 ( High Performance ) 66%, 2058 x 1544 ( Performance ) 75%, 2304 x 1728 ( Performance ) 84%, 2552 x 1914 ( Quality ) 93%, 2744 x 2058 ( Quality ) 100%, 3292 x 2470 ( High Quality ) 120%, 926 x 694 ( Safe Mode ) ~34%, 1222 x 916 ( Extremely High Performance ) ~45%, 1390 x 1042 ( Extremely High Performance ) ~51%, 1556 x 1166 ( High Performance ) ~57%, 1722 x 1292 ( High Performance ) ~63%, 1852 x 1390 ( High Performance ) ~67%, 2222 x 1666 ( Performance ) ~81%",,,,,,,,,,,,
HTC Vive Elite | Native+R90,HTC Vive Elite,HTC,Vive Elite,Native+R90,UNABLE,UNABLE,1912,2256,90Hz,105.2974°,1.150,Native+R90,"992 x 744 ( Extremely High Performance ) 33%, 1234 x 924 ( Extremely High Performance ) 41%, 1504 x 1128 ( High Performance ) 50%, 1986 x 1488 ( Performance ) 66%, 2256 x 1692 ( Performance ) 75%, 2526 x 1896 ( Quality ) 84%, 2798 x 2098 ( Quality ) 93%, 3008 x 2256 ( High Quality ) 100%, 3610 x 2708 ( Very High Quality ) 120%, 956 x 718 ( Safe Mode ) ~32%, 1262 x 946 ( Extremely High Performance ) ~42%, 1434 x 1076 ( Extremely High Performance ) ~48%, 1606 x 1204 ( High Performance ) ~53%, 1778 x 1334 ( High Performance ) ~59%, 1912 x 1434 ( High Performance ) ~64%, 2294 x 1720 ( Performance ) ~76%",,,,,,,,,,,,
HTC Vive Focus 3 | Native+R90,HTC Vive Focus 3,HTC,Vive Focus 3,Native+R90,2448,2448,3760,3760,90Hz,116.4300°,1.085,Native+R90,"1254 x 940 ( Extremely High Performance ) 25%, 1656 x 1242 ( High Performance ) 33%, 2056 x 1542 ( Performance ) 41%, 2508 x 1882 ( Quality ) 50%, 3310 x 2482 ( High Quality ) 66%, 3762 x 2822 ( Very High Quality ) 75%, 4214 x 3160 ( Extremely High Quality ) 84%, 4664 x 3498 ( Supreme Quality ) 93%, 5016 x 3762 ( Ultimate Quality ) 100%, 940 x 706 ( Safe Mode ) ~19%, 1240 x 930 ( Extremely High Performance ) ~25%, 1542 x 1156 ( High Performance ) ~31%, 1880 x 1410 ( High Performance ) ~37%, 2482 x 1862 ( Quality ) ~49%, 2820 x 2116 ( Quality ) ~56%, 3158 x 2368 ( High Quality ) ~63%, 3496 x 2622 ( Very High Quality ) ~70%, 3760 x 2820 ( Very High Quality ) ~75%, 4512 x 3384 ( Supreme Quality ) ~90%",,,,,,,,,,,,
HTC Vive Pro | Native+R90,HTC Vive Pro,HTC,Vive Pro,Native+R90,1440,1600,2468,2740,90Hz,109.9930°,1.235,Native+R90,"914 x 686 ( Safe Mode ) 25%, 1206 x 904 ( Extremely High Performance ) 33%, 1498 x 1124 ( High Performance ) 41%, 1828 x 1372 ( High Performance ) 50%, 2412 x 1810 ( Quality ) 66%, 2742 x 2056 ( Quality ) 75%, 3072 x 2304 ( High Quality ) 84%, 3400 x 2550 ( Very High Quality ) 93%, 3656 x 2742 ( Very High Quality ) 100%, 4388 x 3290 ( Supreme Quality ) 120%, 814 x 610 ( Safe Mode ) ~22%, 1012 x 758 ( Extremely High Performance ) ~28%, 1234 x 926 ( Extremely High Performance ) ~34%, 1628 x 1222 ( High Performance ) ~45%, 1852 x 1388 ( High Performance ) ~51%, 2074 x 1554 ( Performance ) ~57%, 2296 x 1722 ( Performance ) ~63%, 2468 x 1852 ( Quality ) ~68%, 2962 x 2222 ( High Quality ) ~81%",,,,,,,,,,,,
HTC Vive Pro 2 | Native+R90,HTC Vive Pro 2,HTC,Vive Pro 2,Native+R90,2448,2448,3224,3224,90Hz,110.4291°,1.160,Native+R90,"1076 x 806 ( Extremely High Performance ) 25%, 1420 x 1064 ( Extremely High Performance ) 33%, 1764 x 1322 ( High Performance ) 41%, 2150 x 1612 ( Performance ) 50%, 2838 x 2128 ( Quality ) 66%, 3226 x 2418 ( High Quality ) 75%, 3612 x 2710 ( Very High Quality ) 84%, 4000 x 3000 ( Extremely High Quality ) 93%, 4300 x 3226 ( Extremely High Quality ) 100%, 5160 x 3870 ( Ultimate Quality ) 120%, 806 x 604 ( Safe Mode ) ~19%, 1064 x 798 ( Extremely High Performance ) ~25%, 1322 x 992 ( Extremely High Performance ) ~31%, 1612 x 1210 ( High Performance ) ~38%, 2128 x 1596 ( Performance ) ~49%, 2418 x 1814 ( Quality ) ~56%, 2708 x 2032 ( Quality ) ~63%, 2998 x 2248 ( High Quality ) ~70%, 3224 x 2418 ( High Quality ) ~75%, 3868 x 2902 ( Extremely High Quality ) ~90%",,,,,,,,,,,,
HTC Vive XR Streaming | Native+R90,HTC Vive XR Streaming,HTC,Vive XR Streaming,Native+R90,UNABLE,UNABLE,1728,1728,90Hz,106.3700°,1.085,Native+R90,"944 x 708 ( Safe Mode ) 41%, 1152 x 864 ( Extremely High Performance ) 50%, 1520 x 1140 ( High Performance ) 66%, 1728 x 1296 ( High Performance ) 75%, 1936 x 1452 ( Performance ) 84%, 2142 x 1608 ( Performance ) 93%, 2304 x 1728 ( Performance ) 100%, 2764 x 2074 ( Quality ) 120%, 864 x 648 ( Safe Mode ) ~38%, 1140 x 856 ( Extremely High Performance ) ~50%, 1296 x 972 ( Extremely High Performance ) ~56%, 1452 x 1088 ( High Performance ) ~63%, 1608 x 1206 ( High Performance ) ~70%, 1728 x 1296 ( High Performance ) ~75%, 2074 x 1556 ( Performance ) ~90%",,,,,,,,,,,,
Lenovo Explorer | Native+R90,Lenovo Explorer,Lenovo,Explorer,Native+R90,1440,1440,1856,1852,90Hz,103.3639°,1.220,Native+R90,"816 x 612 ( Safe Mode ) 33%, 1014 x 760 ( Extremely High Performance ) 41%, 1236 x 928 ( Extremely High Performance ) 50%, 1632 x 1224 ( High Performance ) 66%, 1854 x 1390 ( High Performance ) 75%, 2076 x 1558 ( Performance ) 84%, 2298 x 1724 ( Performance ) 93%, 2472 x 1854 ( Quality ) 100%, 2966 x 2224 ( High Quality ) 120%, 928 x 696 ( Safe Mode ) ~38%, 1224 x 918 ( Extremely High Performance ) ~50%, 1392 x 1044 ( Extremely High Performance ) ~56%, 1560 x 1170 ( High Performance ) ~63%, 1726 x 1294 ( High Performance ) ~70%, 1856 x 1392 ( High Performance ) ~75%, 2228 x 1670 ( Performance ) ~90%",,,,,,,,,,,,
Oculus Meta Quest Pro | Native+R72,Oculus Meta Quest Pro,Oculus,Meta Quest Pro,Native+R72,1800,1920,2160,2224,72Hz,107.2533°,1.190,Native+R72,"980 x 734 ( Extremely High Performance ) 33%, 1216 x 912 ( Extremely High Performance ) 41%, 1484 x 1114 ( High Performance ) 50%, 1958 x 1470 ( Performance ) 66%, 2226 x 1670 ( Performance ) 75%, 2494 x 1870 ( Quality ) 84%, 2760 x 2070 ( Quality ) 93%, 2968 x 2226 ( High Quality ) 100%, 3562 x 2672 ( Very High Quality ) 120%, 886 x 664 ( Safe Mode ) ~30%, 1080 x 810 ( Extremely High Performance ) ~36%, 1426 x 1070 ( Extremely High Performance ) ~48%, 1620 x 1216 ( High Performance ) ~55%, 1814 x 1360 ( High Performance ) ~61%, 2008 x 1506 ( Performance ) ~68%, 2160 x 1620 ( Performance ) ~73%, 2592 x 1944 ( Quality ) ~87%",,,,,,,,,,,,
Oculus Quest | Native+R72,Oculus Quest,Oculus,Quest,Native+R72,1832,1920,1808,2000,72Hz,109.0587°,1.130,Native+R72,"880 x 660 ( Safe Mode ) 33%, 1094 x 820 ( Extremely High Performance ) 41%, 1334 x 1000 ( Extremely High Performance ) 50%, 1760 x 1320 ( High Performance ) 66%, 2002 x 1500 ( Performance ) 75%, 2242 x 1680 ( Performance ) 84%, 2482 x 1860 ( Quality ) 93%, 2668 x 2002 ( Quality ) 100%, 3202 x 2402 ( High Quality ) 120%, 904 x 678 ( Safe Mode ) ~34%, 1194 x 894 ( Extremely High Performance ) ~45%, 1356 x 1018 ( Extremely High Performance ) ~51%, 1518 x 1140 ( High Performance ) ~57%, 1682 x 1262 ( High Performance ) ~63%, 1808 x 1356 ( High Performance ) ~68%, 2170 x 1628 ( Performance ) ~81%",,,,,,,,,,,,
Oculus Quest 2 | Native+R72,Oculus Quest 2,Oculus,Quest 2,Native+R72,1832,1920,2352,2368,72Hz,107.7093°,1.155,Native+R72,"1042 x 782 ( Extremely High Performance ) 33%, 1296 x 972 ( Extremely High Performance ) 41%, 1580 x 1186 ( High Performance ) 50%, 2086 x 1564 ( Performance ) 66%, 2370 x 1778 ( Performance ) 75%, 2654 x 1990 ( Quality ) 84%, 2938 x 2204 ( High Quality ) 93%, 3160 x 2370 ( High Quality ) 100%, 3792 x 2844 ( Very High Quality ) 120%, 964 x 724 ( Extremely High Performance ) ~31%, 1176 x 882 ( Extremely High Performance ) ~37%, 1552 x 1164 ( High Performance ) ~49%, 1764 x 1324 ( High Performance ) ~56%, 1976 x 1482 ( Performance ) ~63%, 2188 x 1640 ( Performance ) ~69%, 2352 x 1764 ( Performance ) ~74%, 2822 x 2116 ( Quality ) ~89%",,,,,,,,,,,,
Oculus Quest 3 | Native+R72,Oculus Quest 3,Oculus,Quest 3,Native+R72,2064,2208,2064,2240,72Hz,108.8892°,1.180,Native+R72,"986 x 740 ( Extremely High Performance ) 33%, 1226 x 918 ( Extremely High Performance ) 41%, 1494 x 1120 ( High Performance ) 50%, 1972 x 1480 ( Performance ) 66%, 2242 x 1680 ( Performance ) 75%, 2510 x 1882 ( Quality ) 84%, 2778 x 2084 ( Quality ) 93%, 2988 x 2242 ( High Quality ) 100%, 3586 x 2690 ( Very High Quality ) 120%, 846 x 634 ( Safe Mode ) ~28%, 1032 x 774 ( Extremely High Performance ) ~35%, 1362 x 1022 ( Extremely High Performance ) ~46%, 1548 x 1162 ( High Performance ) ~52%, 1734 x 1300 ( High Performance ) ~58%, 1920 x 1440 ( High Performance ) ~64%, 2064 x 1548 ( Performance ) ~69%, 2476 x 1858 ( Quality ) ~83%",,,,,,,,,,,,
Oculus Rift CV1 | Native+R90,Oculus Rift CV1,Oculus,Rift CV1,Native+R90,UNABLE,UNABLE,1344,1600,90Hz,94.1762°,1.190,Native+R90,"876 x 656 ( Safe Mode ) 41%, 1068 x 802 ( Extremely High Performance ) 50%, 1410 x 1058 ( Extremely High Performance ) 66%, 1602 x 1202 ( High Performance ) 75%, 1794 x 1346 ( High Performance ) 84%, 1986 x 1490 ( Performance ) 93%, 2136 x 1602 ( Performance ) 100%, 2564 x 1922 ( Quality ) 120%, 888 x 666 ( Safe Mode ) ~42%, 1008 x 756 ( Extremely High Performance ) ~47%, 1128 x 846 ( Extremely High Performance ) ~53%, 1250 x 938 ( Extremely High Performance ) ~59%, 1344 x 1008 ( Extremely High Performance ) ~63%, 1612 x 1210 ( High Performance ) ~76%",,,,,,,,,,,,
Oculus Rift S | Native+R80,Oculus Rift S,Oculus,Rift S,Native+R80,1280,1440,1648,1776,80Hz,97.0662°,1.175,Native+R80,"970 x 728 ( Extremely High Performance ) 41%, 1184 x 888 ( Extremely High Performance ) 50%, 1562 x 1172 ( High Performance ) 66%, 1776 x 1332 ( High Performance ) 75%, 1990 x 1492 ( Performance ) 84%, 2202 x 1652 ( Performance ) 93%, 2368 x 1776 ( Performance ) 100%, 2842 x 2132 ( Quality ) 120%, 824 x 618 ( Safe Mode ) ~35%, 1088 x 816 ( Extremely High Performance ) ~46%, 1236 x 928 ( Extremely High Performance ) ~52%, 1384 x 1038 ( Extremely High Performance ) ~58%, 1532 x 1150 ( High Performance ) ~65%, 1648 x 1236 ( High Performance ) ~70%, 1978 x 1484 ( Performance ) ~84%",,,,,,,,,,,,
Pico 4 | Native+R90,Pico 4,Pico,4,Native+R90,2160,2160,2160,2160,90Hz,113.0800°,1.090,Native+R90,"950 x 712 ( Safe Mode ) 33%, 1180 x 886 ( Extremely High Performance ) 41%, 1440 x 1080 ( Extremely High Performance ) 50%, 1900 x 1426 ( High Performance ) 66%, 2160 x 1620 ( Performance ) 75%, 2420 x 1814 ( Quality ) 84%, 2678 x 2008 ( Quality ) 93%, 2880 x 2160 ( Quality ) 100%, 3456 x 2592 ( Very High Quality ) 120%, 886 x 664 ( Safe Mode ) ~31%, 1080 x 810 ( Extremely High Performance ) ~38%, 1426 x 1070 ( Extremely High Performance ) ~50%, 1620 x 1216 ( High Performance ) ~56%, 1814 x 1360 ( High Performance ) ~63%, 2008 x 1506 ( Performance ) ~70%, 2160 x 1620 ( Performance ) ~75%, 2592 x 1944 ( Quality ) ~90%",,,,,,,,,,,,
Pico Neo 3 | Native+R72,Pico Neo 3,Pico,Neo 3,Native+R72,1832,1920,2748,2880,72Hz,103.4750°,1.090,Native+R72,"960 x 720 ( Safe Mode ) 25%, 1268 x 950 ( Extremely High Performance ) 33%, 1574 x 1180 ( High Performance ) 41%, 1920 x 1440 ( High Performance ) 50%, 2534 x 1900 ( Quality ) 66%, 2880 x 2160 ( Quality ) 75%, 3226 x 2420 ( High Quality ) 84%, 3572 x 2678 ( Very High Quality ) 93%, 3840 x 2880 ( Very High Quality ) 100%, 4608 x 3456 ( Supreme Quality ) 120%, 906 x 680 ( Safe Mode ) ~24%, 1126 x 846 ( Extremely High Performance ) ~29%, 1374 x 1030 ( Extremely High Performance ) ~36%, 1814 x 1360 ( High Performance ) ~47%, 2062 x 1546 ( Performance ) ~54%, 2308 x 1732 ( Performance ) ~60%, 2556 x 1916 ( Quality ) ~67%, 2748 x 2062 ( Quality ) ~72%, 3298 x 2474 ( High Quality ) ~86%",,,,,,,,,,,,
Pico Neo 2 | Native+R72,Pico Neo 2,Pico,Neo 2,Native+R72,2048,2160,2352,2352,72Hz,110.2600°,1.090,Native+R72,"1034 x 776 ( Extremely High Performance ) 33%, 1286 x 964 ( Extremely High Performance ) 41%, 1568 x 1176 ( High Performance ) 50%, 2070 x 1552 ( Performance ) 66%, 2352 x 1764 ( Performance ) 75%, 2634 x 1976 ( Quality ) 84%, 2916 x 2188 ( High Quality ) 93%, 3136 x 2352 ( High Quality ) 100%, 3764 x 2822 ( Very High Quality ) 120%, 964 x 724 ( Extremely High Performance ) ~31%, 1176 x 882 ( Extremely High Performance ) ~38%, 1552 x 1164 ( High Performance ) ~49%, 1764 x 1324 ( High Performance ) ~56%, 1976 x 1482 ( Performance ) ~63%, 2188 x 1640 ( Performance ) ~70%, 2352 x 1764 ( Performance ) ~75%, 2822 x 2116 ( Quality ) ~90%",,,,,,,,,,,,
Pimax 5K Plus | Large+Native+R90,Pimax 5K Plus,Pimax,5K Plus,Large+Native+R90,2560,1440,3412,2104,90Hz,144.9507°,1.105,"Large+Native+R90, Large+PP+R90, Normal+Native+R144, Normal+Native+R90, Normal+PP+R144, Normal+PP+R90, Small+Native+R120, Small+Native+R144, Small+Native+R90, Small+PP+R120, Small+PP+R144, Small+PP+R90, Tiny+Native+R120, Tiny+Native+R90, Tiny+PP+R120, Tiny+PP+R90","926 x 694 ( Safe Mode ) 33%, 1152 x 864 ( Extremely High Performance ) 41%, 1404 x 1054 ( Extremely High Performance ) 50%, 1854 x 1390 ( High Performance ) 66%, 2106 x 1580 ( Performance ) 75%, 2358 x 1770 ( Performance ) 84%, 2612 x 1958 ( Quality ) 93%, 2808 x 2106 ( Quality ) 100%, 3370 x 2528 ( Very High Quality ) 120%, 854 x 640 ( Safe Mode ) ~30%, 1126 x 844 ( Extremely High Performance ) ~40%, 1398 x 1050 ( Extremely High Performance ) ~50%, 1706 x 1280 ( High Performance ) ~61%, 2252 x 1688 ( Performance ) ~80%, 2560 x 1920 ( Quality ) ~91%, 2866 x 2150 ( Quality ) ~102%, 3174 x 2380 ( High Quality ) ~113%, 3412 x 2560 ( Very High Quality ) ~122%, 4094 x 3070 ( Extremely High Quality ) ~146%",,,,,,,,,,,,
Pimax 5K Plus | Large+PP+R90,Pimax 5K Plus,Pimax,5K Plus,Large+PP+R90,2560,1440,5560,2632,90Hz,144.0682°,1.185,"Large+Native+R90, Large+PP+R90, Normal+Native+R144, Normal+Native+R90, Normal+PP+R144, Normal+PP+R90, Small+Native+R120, Small+Native+R144, Small+Native+R90, Small+PP+R120, Small+PP+R144, Small+PP+R90, Tiny+Native+R120, Tiny+Native+R90, Tiny+PP+R120, Tiny+PP+R90","878 x 658 ( Safe Mode ) 25%, 1158 x 870 ( Extremely High Performance ) 33%, 1440 x 1080 ( Extremely High Performance ) 41%, 1756 x 1318 ( High Performance ) 50%, 2318 x 1738 ( Performance ) 66%, 2634 x 1976 ( Quality ) 75%, 2950 x 2212 ( High Quality ) 84%, 3266 x 2450 ( High Quality ) 93%, 3512 x 2634 ( Very High Quality ) 100%, 4214 x 3160 ( Extremely High Quality ) 120%, 1390 x 1042 ( Extremely High Performance ) ~40%, 1834 x 1376 ( High Performance ) ~52%, 2280 x 1710 ( Performance ) ~65%, 2780 x 2086 ( Quality ) ~79%, 3670 x 2752 ( Very High Quality ) ~104%, 4170 x 3128 ( Extremely High Quality ) ~119%, 4670 x 3502 ( Supreme Quality ) ~133%, 5170 x 3878 ( Ultimate Quality ) ~147%, 5560 x 4170 ( Hyperion Quality ) ~158%",,,,,,,,,,,,
Pimax 5K Plus | Normal+Native+R144,Pimax 5K Plus,Pimax,5K Plus,Normal+Native+R144,2560,1440,2448,2104,144Hz,127.9308°,1.145,"Large+Native+R90, Large+PP+R90, Normal+Native+R144, Normal+Native+R90, Normal+PP+R144, Normal+PP+R90, Small+Native+R120, Small+Native+R144, Small+Native+R90, Small+PP+R120, Small+PP+R144, Small+PP+R90, Tiny+Native+R120, Tiny+Native+R90, Tiny+PP+R120, Tiny+PP+R90","926 x 694 ( Safe Mode ) 33%, 1152 x 864 ( Extremely High Performance ) 41%, 1404 x 1054 ( Extremely High Performance ) 50%, 1854 x 1390 ( High Performance ) 66%, 2106 x 1580 ( Performance ) 75%, 2358 x 1770 ( Performance ) 84%, 2612 x 1958 ( Quality ) 93%, 2808 x 2106 ( Quality ) 100%, 3370 x 2528 ( Very High Quality ) 120%, 808 x 606 ( Safe Mode ) ~29%, 1004 x 752 ( Extremely High Performance ) ~36%, 1224 x 918 ( Extremely High Performance ) ~44%, 1616 x 1212 ( High Performance ) ~58%, 1836 x 1378 ( High Performance ) ~65%, 2056 x 1542 ( Performance ) ~73%, 2276 x 1708 ( Performance ) ~81%, 2448 x 1836 ( Quality ) ~87%, 2938 x 2204 ( High Quality ) ~105%",,,,,,,,,,,,
Pimax 5K Plus | Normal+Native+R90,Pimax 5K Plus,Pimax,5K Plus,Normal+Native+R90,2560,1440,2560,2104,90Hz,128.4658°,1.150,"Large+Native+R90, Large+PP+R90, Normal+Native+R144, Normal+Native+R90, Normal+PP+R144, Normal+PP+R90, Small+Native+R120, Small+Native+R144, Small+Native+R90, Small+PP+R120, Small+PP+R144, Small+PP+R90, Tiny+Native+R120, Tiny+Native+R90, Tiny+PP+R120, Tiny+PP+R90","926 x 694 ( Safe Mode ) 33%, 1152 x 864 ( Extremely High Performance ) 41%, 1404 x 1054 ( Extremely High Performance ) 50%, 1854 x 1390 ( High Performance ) 66%, 2106 x 1580 ( Performance ) 75%, 2358 x 1770 ( Performance ) 84%, 2612 x 1958 ( Quality ) 93%, 2808 x 2106 ( Quality ) 100%, 3370 x 2528 ( Very High Quality ) 120%, 844 x 634 ( Safe Mode ) ~30%, 1050 x 788 ( Extremely High Performance ) ~37%, 1280 x 960 ( Extremely High Performance ) ~46%, 1690 x 1268 ( High Performance ) ~60%, 1920 x 1440 ( High Performance ) ~68%, 2150 x 1612 ( Performance ) ~77%, 2380 x 1786 ( Performance ) ~85%, 2560 x 1920 ( Quality ) ~91%, 3072 x 2304 ( High Quality ) ~109%",,,,,,,,,,,,
Pimax 5K Plus | Normal+PP+R144,Pimax 5K Plus,Pimax,5K Plus,Normal+PP+R144,2560,1440,2960,2632,144Hz,129.3133°,1.225,"Large+Native+R90, Large+PP+R90, Normal+Native+R144, Normal+Native+R90, Normal+PP+R144, Normal+PP+R90, Small+Native+R120, Small+Native+R144, Small+Native+R90, Small+PP+R120, Small+PP+R144, Small+PP+R90, Tiny+Native+R120, Tiny+Native+R90, Tiny+PP+R120, Tiny+PP+R90","878 x 658 ( Safe Mode ) 25%, 1158 x 870 ( Extremely High Performance ) 33%, 1440 x 1080 ( Extremely High Performance ) 41%, 1756 x 1318 ( High Performance ) 50%, 2318 x 1738 ( Performance ) 66%, 2634 x 1976 ( Quality ) 75%, 2950 x 2212 ( High Quality ) 84%, 3266 x 2450 ( High Quality ) 93%, 3512 x 2634 ( Very High Quality ) 100%, 4214 x 3160 ( Extremely High Quality ) 120%, 976 x 732 ( Extremely High Performance ) ~28%, 1214 x 910 ( Extremely High Performance ) ~35%, 1480 x 1110 ( High Performance ) ~42%, 1954 x 1466 ( Performance ) ~56%, 2220 x 1666 ( Performance ) ~63%, 2486 x 1864 ( Quality ) ~71%, 2752 x 2064 ( Quality ) ~78%, 2960 x 2220 ( High Quality ) ~84%, 3552 x 2664 ( Very High Quality ) ~101%",,,,,,,,,,,,
Pimax 5K Plus | Normal+PP+R90,Pimax 5K Plus,Pimax,5K Plus,Normal+PP+R90,2560,1440,3080,2632,90Hz,130.0433°,1.225,"Large+Native+R90, Large+PP+R90, Normal+Native+R144, Normal+Native+R90, Normal+PP+R144, Normal+PP+R90, Small+Native+R120, Small+Native+R144, Small+Native+R90, Small+PP+R120, Small+PP+R144, Small+PP+R90, Tiny+Native+R120, Tiny+Native+R90, Tiny+PP+R120, Tiny+PP+R90","878 x 658 ( Safe Mode ) 25%, 1158 x 870 ( Extremely High Performance ) 33%, 1440 x 1080 ( Extremely High Performance ) 41%, 1756 x 1318 ( High Performance ) 50%, 2318 x 1738 ( Performance ) 66%, 2634 x 1976 ( Quality ) 75%, 2950 x 2212 ( High Quality ) 84%, 3266 x 2450 ( High Quality ) 93%, 3512 x 2634 ( Very High Quality ) 100%, 4214 x 3160 ( Extremely High Quality ) 120%, 1016 x 762 ( Extremely High Performance ) ~29%, 1262 x 948 ( Extremely High Performance ) ~36%, 1540 x 1156 ( High Performance ) ~44%, 2032 x 1524 ( Performance ) ~58%, 2310 x 1732 ( Performance ) ~66%, 2588 x 1940 ( Quality ) ~74%, 2864 x 2148 ( Quality ) ~82%, 3080 x 2310 ( High Quality ) ~88%, 3696 x 2772 ( Very High Quality ) ~105%",,,,,,,,,,,,
Pimax 5K Plus | Small+Native+R120,Pimax 5K Plus,Pimax,5K Plus,Small+Native+R120,2560,1440,2108,2104,120Hz,116.0658°,1.150,"Large+Native+R90, Large+PP+R90, Normal+Native+R144, Normal+Native+R90, Normal+PP+R144, Normal+PP+R90, Small+Native+R120, Small+Native+R144, Small+Native+R90, Small+PP+R120, Small+PP+R144, Small+PP+R90, Tiny+Native+R120, Tiny+Native+R90, Tiny+PP+R120, Tiny+PP+R90","926 x 694 ( Safe Mode ) 33%, 1152 x 864 ( Extremely High Performance ) 41%, 1404 x 1054 ( Extremely High Performance ) 50%, 1854 x 1390 ( High Performance ) 66%, 2106 x 1580 ( Performance ) 75%, 2358 x 1770 ( Performance ) 84%, 2612 x 1958 ( Quality ) 93%, 2808 x 2106 ( Quality ) 100%, 3370 x 2528 ( Very High Quality ) 120%, 864 x 648 ( Safe Mode ) ~31%, 1054 x 790 ( Extremely High Performance ) ~38%, 1392 x 1044 ( Extremely High Performance ) ~50%, 1582 x 1186 ( High Performance ) ~56%, 1770 x 1328 ( High Performance ) ~63%, 1960 x 1470 ( Performance ) ~70%, 2108 x 1582 ( Performance ) ~75%, 2530 x 1898 ( Quality ) ~90%",,,,,,,,,,,,
Pimax 5K Plus | Small+Native+R144,Pimax 5K Plus,Pimax,5K Plus,Small+Native+R144,2560,1440,2008,2104,144Hz,115.7658°,1.150,"Large+Native+R90, Large+PP+R90, Normal+Native+R144, Normal+Native+R90, Normal+PP+R144, Normal+PP+R90, Small+Native+R120, Small+Native+R144, Small+Native+R90, Small+PP+R120, Small+PP+R144, Small+PP+R90, Tiny+Native+R120, Tiny+Native+R90, Tiny+PP+R120, Tiny+PP+R90","926 x 694 ( Safe Mode ) 33%, 1152 x 864 ( Extremely High Performance ) 41%, 1404 x 1054 ( Extremely High Performance ) 50%, 1854 x 1390 ( High Performance ) 66%, 2106 x 1580 ( Performance ) 75%, 2358 x 1770 ( Performance ) 84%, 2612 x 1958 ( Quality ) 93%, 2808 x 2106 ( Quality ) 100%, 3370 x 2528 ( Very High Quality ) 120%, 824 x 618 ( Safe Mode ) ~29%, 1004 x 754 ( Extremely High Performance ) ~36%, 1326 x 994 ( Extremely High Performance ) ~47%, 1506 x 1130 ( High Performance ) ~54%, 1686 x 1266 ( High Performance ) ~60%, 1868 x 1400 ( High Performance ) ~66%, 2008 x 1506 ( Performance ) ~72%, 2410 x 1808 ( Quality ) ~86%",,,,,,,,,,,,
Pimax 5K Plus | Small+Native+R90,Pimax 5K Plus,Pimax,5K Plus,Small+Native+R90,2560,1440,2108,2104,90Hz,116.1558°,1.150,"Large+Native+R90, Large+PP+R90, Normal+Native+R144, Normal+Native+R90, Normal+PP+R144, Normal+PP+R90, Small+Native+R120, Small+Native+R144, Small+Native+R90, Small+PP+R120, Small+PP+R144, Small+PP+R90, Tiny+Native+R120, Tiny+Native+R90, Tiny+PP+R120, Tiny+PP+R90","926 x 694 ( Safe Mode ) 33%, 1152 x 864 ( Extremely High Performance ) 41%, 1404 x 1054 ( Extremely High Performance ) 50%, 1854 x 1390 ( High Performance ) 66%, 2106 x 1580 ( Performance ) 75%, 2358 x 1770 ( Performance ) 84%, 2612 x 1958 ( Quality ) 93%, 2808 x 2106 ( Quality ) 100%, 3370 x 2528 ( Very High Quality ) 120%, 864 x 648 ( Safe Mode ) ~31%, 1054 x 790 ( Extremely High Performance ) ~38%, 1392 x 1044 ( Extremely High Performance ) ~50%, 1582 x 1186 ( High Performance ) ~56%, 1770 x 1328 ( High Performance ) ~63%, 1960 x 1470 ( Performance ) ~70%, 2108 x 1582 ( Performance ) ~75%, 2530 x 1898 ( Quality ) ~90%",,,,,,,,,,,,
Pimax 5K Plus | Small+PP+R120,Pimax 5K Plus,Pimax,5K Plus,Small+PP+R120,2560,1440,2224,2632,120Hz,119.2533°,1.225,"Large+Native+R90, Large+PP+R90, Normal+Native+R144, Normal+Native+R90, Normal+PP+R144, Normal+PP+R90, Small+Native+R120, Small+Native+R144, Small+Native+R90, Small+PP+R120, Small+PP+R144, Small+PP+R90, Tiny+Native+R120, Tiny+Native+R90, Tiny+PP+R120, Tiny+PP+R90","878 x 658 ( Safe Mode ) 25%, 1158 x 870 ( Extremely High Performance ) 33%, 1440 x 1080 ( Extremely High Performance ) 41%, 1756 x 1318 ( High Performance ) 50%, 2318 x 1738 ( Performance ) 66%, 2634 x 1976 ( Quality ) 75%, 2950 x 2212 ( High Quality ) 84%, 3266 x 2450 ( High Quality ) 93%, 3512 x 2634 ( Very High Quality ) 100%, 4214 x 3160 ( Extremely High Quality ) 120%, 912 x 684 ( Safe Mode ) ~26%, 1112 x 834 ( Extremely High Performance ) ~32%, 1468 x 1100 ( High Performance ) ~42%, 1668 x 1252 ( High Performance ) ~48%, 1868 x 1402 ( High Performance ) ~53%, 2068 x 1552 ( Performance ) ~59%, 2224 x 1668 ( Performance ) ~63%, 2668 x 2002 ( Quality ) ~76%",,,,,,,,,,,,
Pimax 5K Plus | Small+PP+R144,Pimax 5K Plus,Pimax,5K Plus,Small+PP+R144,2560,1440,2140,2632,144Hz,118.7233°,1.225,"Large+Native+R90, Large+PP+R90, Normal+Native+R144, Normal+Native+R90, Normal+PP+R144, Normal+PP+R90, Small+Native+R120, Small+Native+R144, Small+Native+R90, Small+PP+R120, Small+PP+R144, Small+PP+R90, Tiny+Native+R120, Tiny+Native+R90, Tiny+PP+R120, Tiny+PP+R90","878 x 658 ( Safe Mode ) 25%, 1158 x 870 ( Extremely High Performance ) 33%, 1440 x 1080 ( Extremely High Performance ) 41%, 1756 x 1318 ( High Performance ) 50%, 2318 x 1738 ( Performance ) 66%, 2634 x 1976 ( Quality ) 75%, 2950 x 2212 ( High Quality ) 84%, 3266 x 2450 ( High Quality ) 93%, 3512 x 2634 ( Very High Quality ) 100%, 4214 x 3160 ( Extremely High Quality ) 120%, 878 x 658 ( Safe Mode ) ~25%, 1070 x 802 ( Extremely High Performance ) ~30%, 1412 x 1060 ( Extremely High Performance ) ~40%, 1606 x 1204 ( High Performance ) ~46%, 1798 x 1348 ( High Performance ) ~51%, 1990 x 1492 ( Performance ) ~57%, 2140 x 1606 ( Performance ) ~61%, 2568 x 1926 ( Quality ) ~73%",,,,,,,,,,,,
Pimax 5K Plus | Small+PP+R90,Pimax 5K Plus,Pimax,5K Plus,Small+PP+R90,2560,1440,2228,2632,90Hz,119.3283°,1.225,"Large+Native+R90, Large+PP+R90, Normal+Native+R144, Normal+Native+R90, Normal+PP+R144, Normal+PP+R90, Small+Native+R120, Small+Native+R144, Small+Native+R90, Small+PP+R120, Small+PP+R144, Small+PP+R90, Tiny+Native+R120, Tiny+Native+R90, Tiny+PP+R120, Tiny+PP+R90","878 x 658 ( Safe Mode ) 25%, 1158 x 870 ( Extremely High Performance ) 33%, 1440 x 1080 ( Extremely High Performance ) 41%, 1756 x 1318 ( High Performance ) 50%, 2318 x 1738 ( Performance ) 66%, 2634 x 1976 ( Quality ) 75%, 2950 x 2212 ( High Quality ) 84%, 3266 x 2450 ( High Quality ) 93%, 3512 x 2634 ( Very High Quality ) 100%, 4214 x 3160 ( Extremely High Quality ) 120%, 914 x 686 ( Safe Mode ) ~26%, 1114 x 836 ( Extremely High Performance ) ~32%, 1470 x 1102 ( High Performance ) ~42%, 1672 x 1254 ( High Performance ) ~48%, 1872 x 1404 ( High Performance ) ~53%, 2072 x 1554 ( Performance ) ~59%, 2228 x 1672 ( Performance ) ~63%, 2674 x 2006 ( Quality ) ~76%",,,,,,,,,,,,
Pimax 5K Plus | Tiny+Native+R120,Pimax 5K Plus,Pimax,5K Plus,Tiny+Native+R120,2560,1440,1812,2104,120Hz,105.3808°,1.150,"Large+Native+R90, Large+PP+R90, Normal+Native+R144, Normal+Native+R90, Normal+PP+R144, Normal+PP+R90, Small+Native+R120, Small+Native+R144, Small+Native+R90, Small+PP+R120, Small+PP+R144, Small+PP+R90, Tiny+Native+R120, Tiny+Native+R90, Tiny+PP+R120, Tiny+PP+R90","926 x 694 ( Safe Mode ) 33%, 1152 x 864 ( Extremely High Performance ) 41%, 1404 x 1054 ( Extremely High Performance ) 50%, 1854 x 1390 ( High Performance ) 66%, 2106 x 1580 ( Performance ) 75%, 2358 x 1770 ( Performance ) 84%, 2612 x 1958 ( Quality ) 93%, 2808 x 2106 ( Quality ) 100%, 3370 x 2528 ( Very High Quality ) 120%, 906 x 680 ( Safe Mode ) ~32%, 1196 x 896 ( Extremely High Performance ) ~43%, 1360 x 1020 ( Extremely High Performance ) ~48%, 1522 x 1142 ( High Performance ) ~54%, 1686 x 1264 ( High Performance ) ~60%, 1812 x 1360 ( High Performance ) ~65%, 2174 x 1630 ( Performance ) ~77%",,,,,,,,,,,,
Pimax 5K Plus | Tiny+Native+R90,Pimax 5K Plus,Pimax,5K Plus,Tiny+Native+R90,2560,1440,1816,2104,90Hz,105.4608°,1.150,"Large+Native+R90, Large+PP+R90, Normal+Native+R144, Normal+Native+R90, Normal+PP+R144, Normal+PP+R90, Small+Native+R120, Small+Native+R144, Small+Native+R90, Small+PP+R120, Small+PP+R144, Small+PP+R90, Tiny+Native+R120, Tiny+Native+R90, Tiny+PP+R120, Tiny+PP+R90","926 x 694 ( Safe Mode ) 33%, 1152 x 864 ( Extremely High Performance ) 41%, 1404 x 1054 ( Extremely High Performance ) 50%, 1854 x 1390 ( High Performance ) 66%, 2106 x 1580 ( Performance ) 75%, 2358 x 1770 ( Performance ) 84%, 2612 x 1958 ( Quality ) 93%, 2808 x 2106 ( Quality ) 100%, 3370 x 2528 ( Very High Quality ) 120%, 908 x 682 ( Safe Mode ) ~32%, 1198 x 898 ( Extremely High Performance ) ~43%, 1362 x 1022 ( Extremely High Performance ) ~49%, 1526 x 1144 ( High Performance ) ~54%, 1688 x 1266 ( High Performance ) ~60%, 1816 x 1362 ( High Performance ) ~65%, 2180 x 1634 ( Performance ) ~78%",,,,,,,,,,,,
Pimax 5K Plus | Tiny+PP+R120,Pimax 5K Plus,Pimax,5K Plus,Tiny+PP+R120,2560,1440,1776,2632,120Hz,110.6258°,1.225,"Large+Native+R90, Large+PP+R90, Normal+Native+R144, Normal+Native+R90, Normal+PP+R144, Normal+PP+R90, Small+Native+R120, Small+Native+R144, Small+Native+R90, Small+PP+R120, Small+PP+R144, Small+PP+R90, Tiny+Native+R120, Tiny+Native+R90, Tiny+PP+R120, Tiny+PP+R90","878 x 658 ( Safe Mode ) 25%, 1158 x 870 ( Extremely High Performance ) 33%, 1440 x 1080 ( Extremely High Performance ) 41%, 1756 x 1318 ( High Performance ) 50%, 2318 x 1738 ( Performance ) 66%, 2634 x 1976 ( Quality ) 75%, 2950 x 2212 ( High Quality ) 84%, 3266 x 2450 ( High Quality ) 93%, 3512 x 2634 ( Very High Quality ) 100%, 4214 x 3160 ( Extremely High Quality ) 120%, 888 x 666 ( Safe Mode ) ~25%, 1172 x 880 ( Extremely High Performance ) ~33%, 1332 x 1000 ( Extremely High Performance ) ~38%, 1492 x 1118 ( High Performance ) ~42%, 1652 x 1238 ( High Performance ) ~47%, 1776 x 1332 ( High Performance ) ~51%, 2132 x 1598 ( Performance ) ~61%",,,,,,,,,,,,
Pimax 5K Plus | Tiny+PP+R90,Pimax 5K Plus,Pimax,5K Plus,Tiny+PP+R90,2560,1440,1776,2632,90Hz,110.6858°,1.225,"Large+Native+R90, Large+PP+R90, Normal+Native+R144, Normal+Native+R90, Normal+PP+R144, Normal+PP+R90, Small+Native+R120, Small+Native+R144, Small+Native+R90, Small+PP+R120, Small+PP+R144, Small+PP+R90, Tiny+Native+R120, Tiny+Native+R90, Tiny+PP+R120, Tiny+PP+R90","878 x 658 ( Safe Mode ) 25%, 1158 x 870 ( Extremely High Performance ) 33%, 1440 x 1080 ( Extremely High Performance ) 41%, 1756 x 1318 ( High Performance ) 50%, 2318 x 1738 ( Performance ) 66%, 2634 x 1976 ( Quality ) 75%, 2950 x 2212 ( High Quality ) 84%, 3266 x 2450 ( High Quality ) 93%, 3512 x 2634 ( Very High Quality ) 100%, 4214 x 3160 ( Extremely High Quality ) 120%, 888 x 666 ( Safe Mode ) ~25%, 1172 x 880 ( Extremely High Performance ) ~33%, 1332 x 1000 ( Extremely High Performance ) ~38%, 1492 x 1118 ( High Performance ) ~42%, 1652 x 1238 ( High Performance ) ~47%, 1776 x 1332 ( High Performance ) ~51%, 2132 x 1598 ( Performance ) ~61%",,,,,,,,,,,,
Pimax 8K | Large+Native+R80,Pimax 8K,Pimax,8K,Large+Native+R80,UNABLE,UNABLE,3024,1920,80Hz,145.3932°,1.105,"Large+Native+R80, Large+PP+R80, Normal+Native+R80, Normal+PP+R80, Small+Native+R80, Small+PP+R80","844 x 634 ( Safe Mode ) 33%, 1050 x 788 ( Extremely High Performance ) 41%, 1280 x 960 ( Extremely High Performance ) 50%, 1690 x 1268 ( High Performance ) 66%, 1920 x 1440 ( High Performance ) 75%, 2150 x 1612 ( Performance ) 84%, 2380 x 1786 ( Performance ) 93%, 2560 x 1920 ( Quality ) 100%, 3072 x 2304 ( High Quality ) 120%, 998 x 748 ( Extremely High Performance ) ~39%, 1240 x 930 ( Extremely High Performance ) ~48%, 1512 x 1134 ( High Performance ) ~59%, 1996 x 1496 ( Performance ) ~78%, 2268 x 1702 ( Performance ) ~89%, 2540 x 1906 ( Quality ) ~99%, 2812 x 2110 ( Quality ) ~110%, 3024 x 2268 ( High Quality ) ~118%, 3628 x 2722 ( Very High Quality ) ~142%",,,,,,,,,,,,
Pimax 8K | Large+PP+R80,Pimax 8K,Pimax,8K,Large+PP+R80,UNABLE,UNABLE,3392,1656,80Hz,149.7144°,1.095,"Large+Native+R80, Large+PP+R80, Normal+Native+R80, Normal+PP+R80, Small+Native+R80, Small+PP+R80","906 x 678 ( Safe Mode ) 41%, 1104 x 828 ( Extremely High Performance ) 50%, 1458 x 1092 ( High Performance ) 66%, 1656 x 1242 ( High Performance ) 75%, 1854 x 1392 ( High Performance ) 84%, 2054 x 1540 ( Performance ) 93%, 2208 x 1656 ( Performance ) 100%, 2650 x 1988 ( Quality ) 120%, 848 x 636 ( Safe Mode ) ~38%, 1120 x 840 ( Extremely High Performance ) ~51%, 1390 x 1044 ( Extremely High Performance ) ~63%, 1696 x 1272 ( High Performance ) ~77%, 2238 x 1680 ( Performance ) ~101%, 2544 x 1908 ( Quality ) ~115%, 2850 x 2136 ( Quality ) ~129%, 3154 x 2366 ( High Quality ) ~143%, 3392 x 2544 ( Very High Quality ) ~154%, 4070 x 3052 ( Extremely High Quality ) ~184%",,,,,,,,,,,,
Pimax 8K | Normal+Native+R80,Pimax 8K,Pimax,8K,Normal+Native+R80,UNABLE,UNABLE,2656,2244,80Hz,129.0383°,1.150,"Large+Native+R80, Large+PP+R80, Normal+Native+R80, Normal+PP+R80, Small+Native+R80, Small+PP+R80","988 x 740 ( Extremely High Performance ) 33%, 1226 x 920 ( Extremely High Performance ) 41%, 1496 x 1122 ( High Performance ) 50%, 1974 x 1482 ( Performance ) 66%, 2244 x 1684 ( Performance ) 75%, 2514 x 1884 ( Quality ) 84%, 2782 x 2086 ( Quality ) 93%, 2992 x 2244 ( High Quality ) 100%, 3590 x 2692 ( Very High Quality ) 120%, 876 x 658 ( Safe Mode ) ~29%, 1088 x 816 ( Extremely High Performance ) ~36%, 1328 x 996 ( Extremely High Performance ) ~44%, 1752 x 1314 ( High Performance ) ~59%, 1992 x 1494 ( Performance ) ~67%, 2232 x 1674 ( Performance ) ~75%, 2470 x 1852 ( Quality ) ~83%, 2656 x 1992 ( Quality ) ~89%, 3188 x 2390 ( High Quality ) ~107%",,,,,,,,,,,,
Pimax 8K | Normal+PP+R80,Pimax 8K,Pimax,8K,Normal+PP+R80,UNABLE,UNABLE,2584,2276,80Hz,133.7658°,1.145,"Large+Native+R80, Large+PP+R80, Normal+Native+R80, Normal+PP+R80, Small+Native+R80, Small+PP+R80","1002 x 752 ( Extremely High Performance ) 33%, 1244 x 934 ( Extremely High Performance ) 41%, 1518 x 1138 ( High Performance ) 50%, 2004 x 1502 ( Performance ) 66%, 2278 x 1708 ( Performance ) 75%, 2550 x 1912 ( Quality ) 84%, 2824 x 2118 ( Quality ) 93%, 3036 x 2278 ( High Quality ) 100%, 3644 x 2732 ( Very High Quality ) 120%, 852 x 640 ( Safe Mode ) ~28%, 1060 x 794 ( Extremely High Performance ) ~35%, 1292 x 970 ( Extremely High Performance ) ~43%, 1706 x 1280 ( High Performance ) ~56%, 1938 x 1454 ( Performance ) ~64%, 2170 x 1628 ( Performance ) ~71%, 2404 x 1802 ( Quality ) ~79%, 2584 x 1938 ( Quality ) ~85%, 3100 x 2326 ( High Quality ) ~102%",,,,,,,,,,,,
Pimax 8K | Small+Native+R80,Pimax 8K,Pimax,8K,Small+Native+R80,UNABLE,UNABLE,2428,2492,80Hz,116.8833°,1.150,"Large+Native+R80, Large+PP+R80, Normal+Native+R80, Normal+PP+R80, Small+Native+R80, Small+PP+R80","832 x 624 ( Safe Mode ) 25%, 1096 x 822 ( Extremely High Performance ) 33%, 1362 x 1022 ( Extremely High Performance ) 41%, 1662 x 1246 ( High Performance ) 50%, 2194 x 1646 ( Performance ) 66%, 2494 x 1870 ( Quality ) 75%, 2792 x 2094 ( Quality ) 84%, 3092 x 2318 ( High Quality ) 93%, 3324 x 2494 ( High Quality ) 100%, 3988 x 2992 ( Extremely High Quality ) 120%, 996 x 746 ( Extremely High Performance ) ~30%, 1214 x 910 ( Extremely High Performance ) ~37%, 1602 x 1202 ( High Performance ) ~48%, 1822 x 1366 ( High Performance ) ~55%, 2040 x 1530 ( Performance ) ~61%, 2258 x 1694 ( Performance ) ~68%, 2428 x 1822 ( Quality ) ~73%, 2914 x 2186 ( High Quality ) ~88%",,,,,,,,,,,,
Pimax 8K | Small+PP+R80,Pimax 8K,Pimax,8K,Small+PP+R80,UNABLE,UNABLE,2220,2704,80Hz,122.0008°,1.150,"Large+Native+R80, Large+PP+R80, Normal+Native+R80, Normal+PP+R80, Small+Native+R80, Small+PP+R80","902 x 676 ( Safe Mode ) 25%, 1190 x 892 ( Extremely High Performance ) 33%, 1480 x 1110 ( High Performance ) 41%, 1804 x 1354 ( High Performance ) 50%, 2382 x 1786 ( Performance ) 66%, 2706 x 2030 ( Quality ) 75%, 3030 x 2274 ( High Quality ) 84%, 3356 x 2516 ( High Quality ) 93%, 3608 x 2706 ( Very High Quality ) 100%, 4330 x 3248 ( Supreme Quality ) 120%, 910 x 682 ( Safe Mode ) ~25%, 1110 x 832 ( Extremely High Performance ) ~31%, 1466 x 1098 ( High Performance ) ~41%, 1666 x 1248 ( High Performance ) ~46%, 1864 x 1398 ( High Performance ) ~52%, 2064 x 1548 ( Performance ) ~57%, 2220 x 1666 ( Performance ) ~62%, 2664 x 1998 ( Quality ) ~74%",,,,,,,,,,,,
Pimax Artisan | Small+Native+R90+I60,Pimax Artisan,Pimax,Artisan,Small+Native+R90+I60,1700,1440,2336,2104,90Hz,122.8583°,1.150,"Small+Native+R90+I60, Small+Native+R90+I70, Small+PP+R90+I60, Small+PP+R90+I70, Tiny+Native+R90+I60, Tiny+Native+R90+I70, Tiny+PP+R90+I60, Tiny+PP+R90+I70","926 x 694 ( Safe Mode ) 33%, 1152 x 864 ( Extremely High Performance ) 41%, 1404 x 1054 ( Extremely High Performance ) 50%, 1854 x 1390 ( High Performance ) 66%, 2106 x 1580 ( Performance ) 75%, 2358 x 1770 ( Performance ) 84%, 2612 x 1958 ( Quality ) 93%, 2808 x 2106 ( Quality ) 100%, 3370 x 2528 ( Very High Quality ) 120%, 958 x 718 ( Safe Mode ) ~34%, 1168 x 876 ( Extremely High Performance ) ~42%, 1542 x 1156 ( High Performance ) ~55%, 1752 x 1314 ( High Performance ) ~62%, 1962 x 1472 ( Performance ) ~70%, 2172 x 1630 ( Performance ) ~77%, 2336 x 1752 ( Performance ) ~83%, 2804 x 2102 ( Quality ) ~100%",,,,,,,,,,,,
Pimax Artisan | Small+Native+R90+I70,Pimax Artisan,Pimax,Artisan,Small+Native+R90+I70,1700,1440,2060,2104,90Hz,114.5808°,1.150,"Small+Native+R90+I60, Small+Native+R90+I70, Small+PP+R90+I60, Small+PP+R90+I70, Tiny+Native+R90+I60, Tiny+Native+R90+I70, Tiny+PP+R90+I60, Tiny+PP+R90+I70","926 x 694 ( Safe Mode ) 33%, 1152 x 864 ( Extremely High Performance ) 41%, 1404 x 1054 ( Extremely High Performance ) 50%, 1854 x 1390 ( High Performance ) 66%, 2106 x 1580 ( Performance ) 75%, 2358 x 1770 ( Performance ) 84%, 2612 x 1958 ( Quality ) 93%, 2808 x 2106 ( Quality ) 100%, 3370 x 2528 ( Very High Quality ) 120%, 844 x 634 ( Safe Mode ) ~30%, 1030 x 772 ( Extremely High Performance ) ~37%, 1360 x 1020 ( Extremely High Performance ) ~48%, 1546 x 1158 ( High Performance ) ~55%, 1730 x 1298 ( High Performance ) ~62%, 1916 x 1436 ( High Performance ) ~68%, 2060 x 1546 ( Performance ) ~73%, 2472 x 1854 ( Quality ) ~88%",,,,,,,,,,,,
Pimax Artisan | Small+PP+R90+I60,Pimax Artisan,Pimax,Artisan,Small+PP+R90+I60,1700,1440,2628,2632,90Hz,125.0658°,1.225,"Small+Native+R90+I60, Small+Native+R90+I70, Small+PP+R90+I60, Small+PP+R90+I70, Tiny+Native+R90+I60, Tiny+Native+R90+I70, Tiny+PP+R90+I60, Tiny+PP+R90+I70","878 x 658 ( Safe Mode ) 25%, 1158 x 870 ( Extremely High Performance ) 33%, 1440 x 1080 ( Extremely High Performance ) 41%, 1756 x 1318 ( High Performance ) 50%, 2318 x 1738 ( Performance ) 66%, 2634 x 1976 ( Quality ) 75%, 2950 x 2212 ( High Quality ) 84%, 3266 x 2450 ( High Quality ) 93%, 3512 x 2634 ( Very High Quality ) 100%, 4214 x 3160 ( Extremely High Quality ) 120%, 868 x 650 ( Safe Mode ) ~25%, 1078 x 808 ( Extremely High Performance ) ~31%, 1314 x 986 ( Extremely High Performance ) ~37%, 1734 x 1300 ( High Performance ) ~49%, 1972 x 1478 ( Performance ) ~56%, 2208 x 1656 ( Performance ) ~63%, 2444 x 1834 ( Quality ) ~70%, 2628 x 1972 ( Quality ) ~75%, 3154 x 2366 ( High Quality ) ~90%",,,,,,,,,,,,
Pimax Artisan | Small+PP+R90+I70,Pimax Artisan,Pimax,Artisan,Small+PP+R90+I70,1700,1440,2152,2632,90Hz,118.0083°,1.225,"Small+Native+R90+I60, Small+Native+R90+I70, Small+PP+R90+I60, Small+PP+R90+I70, Tiny+Native+R90+I60, Tiny+Native+R90+I70, Tiny+PP+R90+I60, Tiny+PP+R90+I70","878 x 658 ( Safe Mode ) 25%, 1158 x 870 ( Extremely High Performance ) 33%, 1440 x 1080 ( Extremely High Performance ) 41%, 1756 x 1318 ( High Performance ) 50%, 2318 x 1738 ( Performance ) 66%, 2634 x 1976 ( Quality ) 75%, 2950 x 2212 ( High Quality ) 84%, 3266 x 2450 ( High Quality ) 93%, 3512 x 2634 ( Very High Quality ) 100%, 4214 x 3160 ( Extremely High Quality ) 120%, 882 x 662 ( Safe Mode ) ~25%, 1076 x 808 ( Extremely High Performance ) ~31%, 1420 x 1066 ( Extremely High Performance ) ~40%, 1614 x 1210 ( High Performance ) ~46%, 1808 x 1356 ( High Performance ) ~51%, 2002 x 1502 ( Performance ) ~57%, 2152 x 1614 ( Performance ) ~61%, 2582 x 1936 ( Quality ) ~74%",,,,,,,,,,,,
Pimax Artisan | Tiny+Native+R90+I60,Pimax Artisan,Pimax,Artisan,Tiny+Native+R90+I60,1700,1440,1968,2104,90Hz,111.3433°,1.150,"Small+Native+R90+I60, Small+Native+R90+I70, Small+PP+R90+I60, Small+PP+R90+I70, Tiny+Native+R90+I60, Tiny+Native+R90+I70, Tiny+PP+R90+I60, Tiny+PP+R90+I70","926 x 694 ( Safe Mode ) 33%, 1152 x 864 ( Extremely High Performance ) 41%, 1404 x 1054 ( Extremely High Performance ) 50%, 1854 x 1390 ( High Performance ) 66%, 2106 x 1580 ( Performance ) 75%, 2358 x 1770 ( Performance ) 84%, 2612 x 1958 ( Quality ) 93%, 2808 x 2106 ( Quality ) 100%, 3370 x 2528 ( Very High Quality ) 120%, 806 x 606 ( Safe Mode ) ~29%, 984 x 738 ( Extremely High Performance ) ~35%, 1298 x 974 ( Extremely High Performance ) ~46%, 1476 x 1108 ( High Performance ) ~53%, 1654 x 1240 ( High Performance ) ~59%, 1830 x 1372 ( High Performance ) ~65%, 1968 x 1476 ( Performance ) ~70%, 2362 x 1772 ( Performance ) ~84%",,,,,,,,,,,,
Pimax Artisan | Tiny+Native+R90+I70,Pimax Artisan,Pimax,Artisan,Tiny+Native+R90+I70,1700,1440,1780,2104,90Hz,104.0608°,1.150,"Small+Native+R90+I60, Small+Native+R90+I70, Small+PP+R90+I60, Small+PP+R90+I70, Tiny+Native+R90+I60, Tiny+Native+R90+I70, Tiny+PP+R90+I60, Tiny+PP+R90+I70","926 x 694 ( Safe Mode ) 33%, 1152 x 864 ( Extremely High Performance ) 41%, 1404 x 1054 ( Extremely High Performance ) 50%, 1854 x 1390 ( High Performance ) 66%, 2106 x 1580 ( Performance ) 75%, 2358 x 1770 ( Performance ) 84%, 2612 x 1958 ( Quality ) 93%, 2808 x 2106 ( Quality ) 100%, 3370 x 2528 ( Very High Quality ) 120%, 890 x 668 ( Safe Mode ) ~32%, 1174 x 882 ( Extremely High Performance ) ~42%, 1336 x 1002 ( Extremely High Performance ) ~48%, 1496 x 1122 ( High Performance ) ~53%, 1656 x 1242 ( High Performance ) ~59%, 1780 x 1336 ( High Performance ) ~63%, 2136 x 1602 ( Performance ) ~76%",,,,,,,,,,,,
Pimax Artisan | Tiny+PP+R90+I60,Pimax Artisan,Pimax,Artisan,Tiny+PP+R90+I60,1700,1440,2004,2632,90Hz,115.3533°,1.225,"Small+Native+R90+I60, Small+Native+R90+I70, Small+PP+R90+I60, Small+PP+R90+I70, Tiny+Native+R90+I60, Tiny+Native+R90+I70, Tiny+PP+R90+I60, Tiny+PP+R90+I70","878 x 658 ( Safe Mode ) 25%, 1158 x 870 ( Extremely High Performance ) 33%, 1440 x 1080 ( Extremely High Performance ) 41%, 1756 x 1318 ( High Performance ) 50%, 2318 x 1738 ( Performance ) 66%, 2634 x 1976 ( Quality ) 75%, 2950 x 2212 ( High Quality ) 84%, 3266 x 2450 ( High Quality ) 93%, 3512 x 2634 ( Very High Quality ) 100%, 4214 x 3160 ( Extremely High Quality ) 120%, 822 x 616 ( Safe Mode ) ~23%, 1002 x 752 ( Extremely High Performance ) ~29%, 1322 x 992 ( Extremely High Performance ) ~38%, 1504 x 1128 ( High Performance ) ~43%, 1684 x 1262 ( High Performance ) ~48%, 1864 x 1398 ( High Performance ) ~53%, 2004 x 1504 ( Performance ) ~57%, 2404 x 1804 ( Quality ) ~68%",,,,,,,,,,,,
Pimax Artisan | Tiny+PP+R90+I70,Pimax Artisan,Pimax,Artisan,Tiny+PP+R90+I70,1700,1440,1728,2632,90Hz,109.5983°,1.225,"Small+Native+R90+I60, Small+Native+R90+I70, Small+PP+R90+I60, Small+PP+R90+I70, Tiny+Native+R90+I60, Tiny+Native+R90+I70, Tiny+PP+R90+I60, Tiny+PP+R90+I70","878 x 658 ( Safe Mode ) 25%, 1158 x 870 ( Extremely High Performance ) 33%, 1440 x 1080 ( Extremely High Performance ) 41%, 1756 x 1318 ( High Performance ) 50%, 2318 x 1738 ( Performance ) 66%, 2634 x 1976 ( Quality ) 75%, 2950 x 2212 ( High Quality ) 84%, 3266 x 2450 ( High Quality ) 93%, 3512 x 2634 ( Very High Quality ) 100%, 4214 x 3160 ( Extremely High Quality ) 120%, 864 x 648 ( Safe Mode ) ~25%, 1140 x 856 ( Extremely High Performance ) ~32%, 1296 x 972 ( Extremely High Performance ) ~37%, 1452 x 1088 ( High Performance ) ~41%, 1608 x 1206 ( High Performance ) ~46%, 1728 x 1296 ( High Performance ) ~49%, 2074 x 1556 ( Performance ) ~59%",,,,,,,,,,,,
Pimax Crystal | Native+R120,Pimax Crystal,Pimax,Crystal,Native+R120,2880,2880,4312,5100,120Hz,109.9432°,1.110,Native+R120,"1700 x 1276 ( High Performance ) 25%, 2244 x 1684 ( Performance ) 33%, 2788 x 2092 ( Quality ) 41%, 3400 x 2550 ( Very High Quality ) 50%, 4488 x 3366 ( Supreme Quality ) 66%, 5100 x 3826 ( Ultimate Quality ) 75%, 5712 x 4284 ( Hyperion Quality ) 84%, 1078 x 808 ( Extremely High Performance ) ~16%, 1422 x 1068 ( Extremely High Performance ) ~21%, 1768 x 1326 ( High Performance ) ~26%, 2156 x 1618 ( Performance ) ~32%, 2846 x 2134 ( Quality ) ~42%, 3234 x 2426 ( High Quality ) ~48%, 3622 x 2716 ( Very High Quality ) ~53%, 4010 x 3008 ( Extremely High Quality ) ~59%, 4312 x 3234 ( Extremely High Quality ) ~63%, 5174 x 3880 ( Ultimate Quality ) ~76%",,,,,,,,,,,,
Pimax Vision 8K Plus | Large+Native+R110,Pimax Vision 8K Plus,Pimax,Vision 8K Plus,Large+Native+R110,UNABLE,UNABLE,3348,2104,110Hz,142.0208°,1.145,"Large+Native+R110, Large+Native+R90, Large+PP+R110, Large+PP+R90, Normal+Native+R110, Normal+Native+R90, Normal+PP+R110, Normal+PP+R90, Small+Native+R110, Small+Native+R90, Small+PP+R110, Small+PP+R90, Tiny+Native+R110, Tiny+Native+R90, Tiny+PP+R110, Tiny+PP+R90","926 x 694 ( Safe Mode ) 33%, 1152 x 864 ( Extremely High Performance ) 41%, 1404 x 1054 ( Extremely High Performance ) 50%, 1854 x 1390 ( High Performance ) 66%, 2106 x 1580 ( Performance ) 75%, 2358 x 1770 ( Performance ) 84%, 2612 x 1958 ( Quality ) 93%, 2808 x 2106 ( Quality ) 100%, 3370 x 2528 ( Very High Quality ) 120%, 838 x 628 ( Safe Mode ) ~30%, 1104 x 828 ( Extremely High Performance ) ~39%, 1372 x 1030 ( Extremely High Performance ) ~49%, 1674 x 1256 ( High Performance ) ~60%, 2210 x 1658 ( Performance ) ~79%, 2512 x 1884 ( Quality ) ~89%, 2812 x 2110 ( Quality ) ~100%, 3114 x 2336 ( High Quality ) ~111%, 3348 x 2512 ( High Quality ) ~119%, 4018 x 3014 ( Extremely High Quality ) ~143%",,,,,,,,,,,,
Pimax Vision 8K Plus | Large+Native+R90,Pimax Vision 8K Plus,Pimax,Vision 8K Plus,Large+Native+R90,UNABLE,UNABLE,3412,2104,90Hz,144.9507°,1.105,"Large+Native+R110, Large+Native+R90, Large+PP+R110, Large+PP+R90, Normal+Native+R110, Normal+Native+R90, Normal+PP+R110, Normal+PP+R90, Small+Native+R110, Small+Native+R90, Small+PP+R110, Small+PP+R90, Tiny+Native+R110, Tiny+Native+R90, Tiny+PP+R110, Tiny+PP+R90","926 x 694 ( Safe Mode ) 33%, 1152 x 864 ( Extremely High Performance ) 41%, 1404 x 1054 ( Extremely High Performance ) 50%, 1854 x 1390 ( High Performance ) 66%, 2106 x 1580 ( Performance ) 75%, 2358 x 1770 ( Performance ) 84%, 2612 x 1958 ( Quality ) 93%, 2808 x 2106 ( Quality ) 100%, 3370 x 2528 ( Very High Quality ) 120%, 854 x 640 ( Safe Mode ) ~30%, 1126 x 844 ( Extremely High Performance ) ~40%, 1398 x 1050 ( Extremely High Performance ) ~50%, 1706 x 1280 ( High Performance ) ~61%, 2252 x 1688 ( Performance ) ~80%, 2560 x 1920 ( Quality ) ~91%, 2866 x 2150 ( Quality ) ~102%, 3174 x 2380 ( High Quality ) ~113%, 3412 x 2560 ( Very High Quality ) ~122%, 4094 x 3070 ( Extremely High Quality ) ~146%",,,,,,,,,,,,
Pimax Vision 8K Plus | Large+PP+R110,Pimax Vision 8K Plus,Pimax,Vision 8K Plus,Large+PP+R110,UNABLE,UNABLE,5304,2632,110Hz,142.4833°,1.225,"Large+Native+R110, Large+Native+R90, Large+PP+R110, Large+PP+R90, Normal+Native+R110, Normal+Native+R90, Normal+PP+R110, Normal+PP+R90, Small+Native+R110, Small+Native+R90, Small+PP+R110, Small+PP+R90, Tiny+Native+R110, Tiny+Native+R90, Tiny+PP+R110, Tiny+PP+R90","878 x 658 ( Safe Mode ) 25%, 1158 x 870 ( Extremely High Performance ) 33%, 1440 x 1080 ( Extremely High Performance ) 41%, 1756 x 1318 ( High Performance ) 50%, 2318 x 1738 ( Performance ) 66%, 2634 x 1976 ( Quality ) 75%, 2950 x 2212 ( High Quality ) 84%, 3266 x 2450 ( High Quality ) 93%, 3512 x 2634 ( Very High Quality ) 100%, 4214 x 3160 ( Extremely High Quality ) 120%, 1326 x 994 ( Extremely High Performance ) ~38%, 1750 x 1312 ( High Performance ) ~50%, 2174 x 1630 ( Performance ) ~62%, 2652 x 1990 ( Quality ) ~76%, 3500 x 2626 ( Very High Quality ) ~100%, 3978 x 2984 ( Extremely High Quality ) ~113%, 4456 x 3342 ( Supreme Quality ) ~127%, 4932 x 3700 ( Ultimate Quality ) ~140%, 5304 x 3978 ( Hyperion Quality ) ~151%",,,,,,,,,,,,
Pimax Vision 8K Plus | Large+PP+R90,Pimax Vision 8K Plus,Pimax,Vision 8K Plus,Large+PP+R90,UNABLE,UNABLE,5560,2632,90Hz,144.0682°,1.185,"Large+Native+R110, Large+Native+R90, Large+PP+R110, Large+PP+R90, Normal+Native+R110, Normal+Native+R90, Normal+PP+R110, Normal+PP+R90, Small+Native+R110, Small+Native+R90, Small+PP+R110, Small+PP+R90, Tiny+Native+R110, Tiny+Native+R90, Tiny+PP+R110, Tiny+PP+R90","878 x 658 ( Safe Mode ) 25%, 1158 x 870 ( Extremely High Performance ) 33%, 1440 x 1080 ( Extremely High Performance ) 41%, 1756 x 1318 ( High Performance ) 50%, 2318 x 1738 ( Performance ) 66%, 2634 x 1976 ( Quality ) 75%, 2950 x 2212 ( High Quality ) 84%, 3266 x 2450 ( High Quality ) 93%, 3512 x 2634 ( Very High Quality ) 100%, 4214 x 3160 ( Extremely High Quality ) 120%, 1390 x 1042 ( Extremely High Performance ) ~40%, 1834 x 1376 ( High Performance ) ~52%, 2280 x 1710 ( Performance ) ~65%, 2780 x 2086 ( Quality ) ~79%, 3670 x 2752 ( Very High Quality ) ~104%, 4170 x 3128 ( Extremely High Quality ) ~119%, 4670 x 3502 ( Supreme Quality ) ~133%, 5170 x 3878 ( Ultimate Quality ) ~147%, 5560 x 4170 ( Hyperion Quality ) ~158%",,,,,,,,,,,,
Pimax Vision 8K Plus | Normal+Native+R110,Pimax Vision 8K Plus,Pimax,Vision 8K Plus,Normal+Native+R110,UNABLE,UNABLE,2528,2104,110Hz,127.7508°,1.150,"Large+Native+R110, Large+Native+R90, Large+PP+R110, Large+PP+R90, Normal+Native+R110, Normal+Native+R90, Normal+PP+R110, Normal+PP+R90, Small+Native+R110, Small+Native+R90, Small+PP+R110, Small+PP+R90, Tiny+Native+R110, Tiny+Native+R90, Tiny+PP+R110, Tiny+PP+R90","926 x 694 ( Safe Mode ) 33%, 1152 x 864 ( Extremely High Performance ) 41%, 1404 x 1054 ( Extremely High Performance ) 50%, 1854 x 1390 ( High Performance ) 66%, 2106 x 1580 ( Performance ) 75%, 2358 x 1770 ( Performance ) 84%, 2612 x 1958 ( Quality ) 93%, 2808 x 2106 ( Quality ) 100%, 3370 x 2528 ( Very High Quality ) 120%, 834 x 626 ( Safe Mode ) ~30%, 1036 x 778 ( Extremely High Performance ) ~37%, 1264 x 948 ( Extremely High Performance ) ~45%, 1668 x 1252 ( High Performance ) ~59%, 1896 x 1422 ( High Performance ) ~68%, 2124 x 1592 ( Performance ) ~76%, 2352 x 1764 ( Performance ) ~84%, 2528 x 1896 ( Quality ) ~90%, 3034 x 2276 ( High Quality ) ~108%",,,,,,,,,,,,
Pimax Vision 8K Plus | Normal+Native+R90,Pimax Vision 8K Plus,Pimax,Vision 8K Plus,Normal+Native+R90,UNABLE,UNABLE,2560,2104,90Hz,128.4658°,1.150,"Large+Native+R110, Large+Native+R90, Large+PP+R110, Large+PP+R90, Normal+Native+R110, Normal+Native+R90, Normal+PP+R110, Normal+PP+R90, Small+Native+R110, Small+Native+R90, Small+PP+R110, Small+PP+R90, Tiny+Native+R110, Tiny+Native+R90, Tiny+PP+R110, Tiny+PP+R90","926 x 694 ( Safe Mode ) 33%, 1152 x 864 ( Extremely High Performance ) 41%, 1404 x 1054 ( Extremely High Performance ) 50%, 1854 x 1390 ( High Performance ) 66%, 2106 x 1580 ( Performance ) 75%, 2358 x 1770 ( Performance ) 84%, 2612 x 1958 ( Quality ) 93%, 2808 x 2106 ( Quality ) 100%, 3370 x 2528 ( Very High Quality ) 120%, 844 x 634 ( Safe Mode ) ~30%, 1050 x 788 ( Extremely High Performance ) ~37%, 1280 x 960 ( Extremely High Performance ) ~46%, 1690 x 1268 ( High Performance ) ~60%, 1920 x 1440 ( High Performance ) ~68%, 2150 x 1612 ( Performance ) ~77%, 2380 x 1786 ( Performance ) ~85%, 2560 x 1920 ( Quality ) ~91%, 3072 x 2304 ( High Quality ) ~109%",,,,,,,,,,,,
Pimax Vision 8K Plus | Normal+PP+R110,Pimax Vision 8K Plus,Pimax,Vision 8K Plus,Normal+PP+R110,UNABLE,UNABLE,3016,2632,110Hz,129.3983°,1.225,"Large+Native+R110, Large+Native+R90, Large+PP+R110, Large+PP+R90, Normal+Native+R110, Normal+Native+R90, Normal+PP+R110, Normal+PP+R90, Small+Native+R110, Small+Native+R90, Small+PP+R110, Small+PP+R90, Tiny+Native+R110, Tiny+Native+R90, Tiny+PP+R110, Tiny+PP+R90","878 x 658 ( Safe Mode ) 25%, 1158 x 870 ( Extremely High Performance ) 33%, 1440 x 1080 ( Extremely High Performance ) 41%, 1756 x 1318 ( High Performance ) 50%, 2318 x 1738 ( Performance ) 66%, 2634 x 1976 ( Quality ) 75%, 2950 x 2212 ( High Quality ) 84%, 3266 x 2450 ( High Quality ) 93%, 3512 x 2634 ( Very High Quality ) 100%, 4214 x 3160 ( Extremely High Quality ) 120%, 996 x 746 ( Extremely High Performance ) ~28%, 1236 x 928 ( Extremely High Performance ) ~35%, 1508 x 1132 ( High Performance ) ~43%, 1990 x 1492 ( Performance ) ~57%, 2262 x 1696 ( Performance ) ~64%, 2534 x 1900 ( Quality ) ~72%, 2804 x 2104 ( Quality ) ~80%, 3016 x 2262 ( High Quality ) ~86%, 3620 x 2714 ( Very High Quality ) ~103%",,,,,,,,,,,,
Pimax Vision 8K Plus | Normal+PP+R90,Pimax Vision 8K Plus,Pimax,Vision 8K Plus,Normal+PP+R90,UNABLE,UNABLE,3080,2632,90Hz,130.0433°,1.225,"Large+Native+R110, Large+Native+R90, Large+PP+R110, Large+PP+R90, Normal+Native+R110, Normal+Native+R90, Normal+PP+R110, Normal+PP+R90, Small+Native+R110, Small+Native+R90, Small+PP+R110, Small+PP+R90, Tiny+Native+R110, Tiny+Native+R90, Tiny+PP+R110, Tiny+PP+R90","878 x 658 ( Safe Mode ) 25%, 1158 x 870 ( Extremely High Performance ) 33%, 1440 x 1080 ( Extremely High Performance ) 41%, 1756 x 1318 ( High Performance ) 50%, 2318 x 1738 ( Performance ) 66%, 2634 x 1976 ( Quality ) 75%, 2950 x 2212 ( High Quality ) 84%, 3266 x 2450 ( High Quality ) 93%, 3512 x 2634 ( Very High Quality ) 100%, 4214 x 3160 ( Extremely High Quality ) 120%, 1016 x 762 ( Extremely High Performance ) ~29%, 1262 x 948 ( Extremely High Performance ) ~36%, 1540 x 1156 ( High Performance ) ~44%, 2032 x 1524 ( Performance ) ~58%, 2310 x 1732 ( Performance ) ~66%, 2588 x 1940 ( Quality ) ~74%, 2864 x 2148 ( Quality ) ~82%, 3080 x 2310 ( High Quality ) ~88%, 3696 x 2772 ( Very High Quality ) ~105%",,,,,,,,,,,,
Pimax Vision 8K Plus | Small+Native+R110,Pimax Vision 8K Plus,Pimax,Vision 8K Plus,Small+Native+R110,UNABLE,UNABLE,2092,2104,110Hz,115.5458°,1.150,"Large+Native+R110, Large+Native+R90, Large+PP+R110, Large+PP+R90, Normal+Native+R110, Normal+Native+R90, Normal+PP+R110, Normal+PP+R90, Small+Native+R110, Small+Native+R90, Small+PP+R110, Small+PP+R90, Tiny+Native+R110, Tiny+Native+R90, Tiny+PP+R110, Tiny+PP+R90","926 x 694 ( Safe Mode ) 33%, 1152 x 864 ( Extremely High Performance ) 41%, 1404 x 1054 ( Extremely High Performance ) 50%, 1854 x 1390 ( High Performance ) 66%, 2106 x 1580 ( Performance ) 75%, 2358 x 1770 ( Performance ) 84%, 2612 x 1958 ( Quality ) 93%, 2808 x 2106 ( Quality ) 100%, 3370 x 2528 ( Very High Quality ) 120%, 858 x 644 ( Safe Mode ) ~31%, 1046 x 784 ( Extremely High Performance ) ~37%, 1380 x 1036 ( Extremely High Performance ) ~49%, 1570 x 1176 ( High Performance ) ~56%, 1758 x 1318 ( High Performance ) ~63%, 1946 x 1460 ( Performance ) ~69%, 2092 x 1570 ( Performance ) ~75%, 2510 x 1882 ( Quality ) ~89%",,,,,,,,,,,,
Pimax Vision 8K Plus | Small+Native+R90,Pimax Vision 8K Plus,Pimax,Vision 8K Plus,Small+Native+R90,UNABLE,UNABLE,2108,2104,90Hz,116.1558°,1.150,"Large+Native+R110, Large+Native+R90, Large+PP+R110, Large+PP+R90, Normal+Native+R110, Normal+Native+R90, Normal+PP+R110, Normal+PP+R90, Small+Native+R110, Small+Native+R90, Small+PP+R110, Small+PP+R90, Tiny+Native+R110, Tiny+Native+R90, Tiny+PP+R110, Tiny+PP+R90","926 x 694 ( Safe Mode ) 33%, 1152 x 864 ( Extremely High Performance ) 41%, 1404 x 1054 ( Extremely High Performance ) 50%, 1854 x 1390 ( High Performance ) 66%, 2106 x 1580 ( Performance ) 75%, 2358 x 1770 ( Performance ) 84%, 2612 x 1958 ( Quality ) 93%, 2808 x 2106 ( Quality ) 100%, 3370 x 2528 ( Very High Quality ) 120%, 864 x 648 ( Safe Mode ) ~31%, 1054 x 790 ( Extremely High Performance ) ~38%, 1392 x 1044 ( Extremely High Performance ) ~50%, 1582 x 1186 ( High Performance ) ~56%, 1770 x 1328 ( High Performance ) ~63%, 1960 x 1470 ( Performance ) ~70%, 2108 x 1582 ( Performance ) ~75%, 2530 x 1898 ( Quality ) ~90%",,,,,,,,,,,,
Pimax Vision 8K Plus | Small+PP+R110,Pimax Vision 8K Plus,Pimax,Vision 8K Plus,Small+PP+R110,UNABLE,UNABLE,2196,2632,110Hz,118.8158°,1.225,"Large+Native+R110, Large+Native+R90, Large+PP+R110, Large+PP+R90, Normal+Native+R110, Normal+Native+R90, Normal+PP+R110, Normal+PP+R90, Small+Native+R110, Small+Native+R90, Small+PP+R110, Small+PP+R90, Tiny+Native+R110, Tiny+Native+R90, Tiny+PP+R110, Tiny+PP+R90","878 x 658 ( Safe Mode ) 25%, 1158 x 870 ( Extremely High Performance ) 33%, 1440 x 1080 ( Extremely High Performance ) 41%, 1756 x 1318 ( High Performance ) 50%, 2318 x 1738 ( Performance ) 66%, 2634 x 1976 ( Quality ) 75%, 2950 x 2212 ( High Quality ) 84%, 3266 x 2450 ( High Quality ) 93%, 3512 x 2634 ( Very High Quality ) 100%, 4214 x 3160 ( Extremely High Quality ) 120%, 900 x 676 ( Safe Mode ) ~26%, 1098 x 824 ( Extremely High Performance ) ~31%, 1450 x 1088 ( High Performance ) ~41%, 1648 x 1236 ( High Performance ) ~47%, 1844 x 1384 ( High Performance ) ~53%, 2042 x 1532 ( Performance ) ~58%, 2196 x 1648 ( Performance ) ~63%, 2636 x 1976 ( Quality ) ~75%",,,,,,,,,,,,
Pimax Vision 8K Plus | Small+PP+R90,Pimax Vision 8K Plus,Pimax,Vision 8K Plus,Small+PP+R90,UNABLE,UNABLE,2228,2632,90Hz,119.3283°,1.225,"Large+Native+R110, Large+Native+R90, Large+PP+R110, Large+PP+R90, Normal+Native+R110, Normal+Native+R90, Normal+PP+R110, Normal+PP+R90, Small+Native+R110, Small+Native+R90, Small+PP+R110, Small+PP+R90, Tiny+Native+R110, Tiny+Native+R90, Tiny+PP+R110, Tiny+PP+R90","878 x 658 ( Safe Mode ) 25%, 1158 x 870 ( Extremely High Performance ) 33%, 1440 x 1080 ( Extremely High Performance ) 41%, 1756 x 1318 ( High Performance ) 50%, 2318 x 1738 ( Performance ) 66%, 2634 x 1976 ( Quality ) 75%, 2950 x 2212 ( High Quality ) 84%, 3266 x 2450 ( High Quality ) 93%, 3512 x 2634 ( Very High Quality ) 100%, 4214 x 3160 ( Extremely High Quality ) 120%, 914 x 686 ( Safe Mode ) ~26%, 1114 x 836 ( Extremely High Performance ) ~32%, 1470 x 1102 ( High Performance ) ~42%, 1672 x 1254 ( High Performance ) ~48%, 1872 x 1404 ( High Performance ) ~53%, 2072 x 1554 ( Performance ) ~59%, 2228 x 1672 ( Performance ) ~63%, 2674 x 2006 ( Quality ) ~76%",,,,,,,,,,,,
Pimax Vision 8K Plus | Tiny+Native+R110,Pimax Vision 8K Plus,Pimax,Vision 8K Plus,Tiny+Native+R110,UNABLE,UNABLE,1804,2104,110Hz,104.9208°,1.150,"Large+Native+R110, Large+Native+R90, Large+PP+R110, Large+PP+R90, Normal+Native+R110, Normal+Native+R90, Normal+PP+R110, Normal+PP+R90, Small+Native+R110, Small+Native+R90, Small+PP+R110, Small+PP+R90, Tiny+Native+R110, Tiny+Native+R90, Tiny+PP+R110, Tiny+PP+R90","926 x 694 ( Safe Mode ) 33%, 1152 x 864 ( Extremely High Performance ) 41%, 1404 x 1054 ( Extremely High Performance ) 50%, 1854 x 1390 ( High Performance ) 66%, 2106 x 1580 ( Performance ) 75%, 2358 x 1770 ( Performance ) 84%, 2612 x 1958 ( Quality ) 93%, 2808 x 2106 ( Quality ) 100%, 3370 x 2528 ( Very High Quality ) 120%, 902 x 676 ( Safe Mode ) ~32%, 1190 x 892 ( Extremely High Performance ) ~42%, 1354 x 1014 ( Extremely High Performance ) ~48%, 1516 x 1136 ( High Performance ) ~54%, 1678 x 1258 ( High Performance ) ~60%, 1804 x 1354 ( High Performance ) ~64%, 2164 x 1624 ( Performance ) ~77%",,,,,,,,,,,,
Pimax Vision 8K Plus | Tiny+Native+R90,Pimax Vision 8K Plus,Pimax,Vision 8K Plus,Tiny+Native+R90,UNABLE,UNABLE,1816,2104,90Hz,105.4608°,1.150,"Large+Native+R110, Large+Native+R90, Large+PP+R110, Large+PP+R90, Normal+Native+R110, Normal+Native+R90, Normal+PP+R110, Normal+PP+R90, Small+Native+R110, Small+Native+R90, Small+PP+R110, Small+PP+R90, Tiny+Native+R110, Tiny+Native+R90, Tiny+PP+R110, Tiny+PP+R90","926 x 694 ( Safe Mode ) 33%, 1152 x 864 ( Extremely High Performance ) 41%, 1404 x 1054 ( Extremely High Performance ) 50%, 1854 x 1390 ( High Performance ) 66%, 2106 x 1580 ( Performance ) 75%, 2358 x 1770 ( Performance ) 84%, 2612 x 1958 ( Quality ) 93%, 2808 x 2106 ( Quality ) 100%, 3370 x 2528 ( Very High Quality ) 120%, 908 x 682 ( Safe Mode ) ~32%, 1198 x 898 ( Extremely High Performance ) ~43%, 1362 x 1022 ( Extremely High Performance ) ~49%, 1526 x 1144 ( High Performance ) ~54%, 1688 x 1266 ( High Performance ) ~60%, 1816 x 1362 ( High Performance ) ~65%, 2180 x 1634 ( Performance ) ~78%",,,,,,,,,,,,
Pimax Vision 8K Plus | Tiny+PP+R110,Pimax Vision 8K Plus,Pimax,Vision 8K Plus,Tiny+PP+R110,UNABLE,UNABLE,1760,2632,110Hz,110.2633°,1.225,"Large+Native+R110, Large+Native+R90, Large+PP+R110, Large+PP+R90, Normal+Native+R110, Normal+Native+R90, Normal+PP+R110, Normal+PP+R90, Small+Native+R110, Small+Native+R90, Small+PP+R110, Small+PP+R90, Tiny+Native+R110, Tiny+Native+R90, Tiny+PP+R110, Tiny+PP+R90","878 x 658 ( Safe Mode ) 25%, 1158 x 870 ( Extremely High Performance ) 33%, 1440 x 1080 ( Extremely High Performance ) 41%, 1756 x 1318 ( High Performance ) 50%, 2318 x 1738 ( Performance ) 66%, 2634 x 1976 ( Quality ) 75%, 2950 x 2212 ( High Quality ) 84%, 3266 x 2450 ( High Quality ) 93%, 3512 x 2634 ( Very High Quality ) 100%, 4214 x 3160 ( Extremely High Quality ) 120%, 880 x 660 ( Safe Mode ) ~25%, 1162 x 872 ( Extremely High Performance ) ~33%, 1320 x 990 ( Extremely High Performance ) ~38%, 1478 x 1108 ( High Performance ) ~42%, 1636 x 1228 ( High Performance ) ~47%, 1760 x 1320 ( High Performance ) ~50%, 2112 x 1584 ( Performance ) ~60%",,,,,,,,,,,,
Pimax Vision 8K Plus | Tiny+PP+R90,Pimax Vision 8K Plus,Pimax,Vision 8K Plus,Tiny+PP+R90,UNABLE,UNABLE,1776,2632,90Hz,110.6858°,1.225,"Large+Native+R110, Large+Native+R90, Large+PP+R110, Large+PP+R90, Normal+Native+R110, Normal+Native+R90, Normal+PP+R110, Normal+PP+R90, Small+Native+R110, Small+Native+R90, Small+PP+R110, Small+PP+R90, Tiny+Native+R110, Tiny+Native+R90, Tiny+PP+R110, Tiny+PP+R90","878 x 658 ( Safe Mode ) 25%, 1158 x 870 ( Extremely High Performance ) 33%, 1440 x 1080 ( Extremely High Performance ) 41%, 1756 x 1318 ( High Performance ) 50%, 2318 x 1738 ( Performance ) 66%, 2634 x 1976 ( Quality ) 75%, 2950 x 2212 ( High Quality ) 84%, 3266 x 2450 ( High Quality ) 93%, 3512 x 2634 ( Very High Quality ) 100%, 4214 x 3160 ( Extremely High Quality ) 120%, 888 x 666 ( Safe Mode ) ~25%, 1172 x 880 ( Extremely High Performance ) ~33%, 1332 x 1000 ( Extremely High Performance ) ~38%, 1492 x 1118 ( High Performance ) ~42%, 1652 x 1238 ( High Performance ) ~47%, 1776 x 1332 ( High Performance ) ~51%, 2132 x 1598 ( Performance ) ~61%",,,,,,,,,,,,
Pimax Vision 8K X | Large+Native+R75,Pimax Vision 8K X,Pimax,Vision 8K X,Large+Native+R75,UNABLE,UNABLE,5008,3160,75Hz,142.9158°,1.145,"Large+Native+R75, Large+PP+R75, Normal+Native+R75, Normal+PP+R75, Small+Native+R75, Small+PP+R75, Tiny+Native+R75, Tiny+PP+R75","1054 x 790 ( Extremely High Performance ) 25%, 1392 x 1044 ( Extremely High Performance ) 33%, 1728 x 1296 ( High Performance ) 41%, 2108 x 1582 ( Performance ) 50%, 2782 x 2086 ( Quality ) 66%, 3162 x 2372 ( High Quality ) 75%, 3542 x 2656 ( Very High Quality ) 84%, 3920 x 2940 ( Extremely High Quality ) 93%, 4216 x 3162 ( Extremely High Quality ) 100%, 5060 x 3794 ( Ultimate Quality ) 120%, 1252 x 940 ( Extremely High Performance ) ~30%, 1652 x 1240 ( High Performance ) ~39%, 2054 x 1540 ( Performance ) ~49%, 2504 x 1878 ( Quality ) ~59%, 3306 x 2478 ( High Quality ) ~78%, 3756 x 2818 ( Very High Quality ) ~89%, 4206 x 3156 ( Extremely High Quality ) ~100%, 4658 x 3494 ( Supreme Quality ) ~110%, 5008 x 3756 ( Ultimate Quality ) ~119%",,,,,,,,,,,,
Pimax Vision 8K X | Large+PP+R75,Pimax Vision 8K X,Pimax,Vision 8K X,Large+PP+R75,UNABLE,UNABLE,8260,3948,75Hz,143.1608°,1.225,"Large+Native+R75, Large+PP+R75, Normal+Native+R75, Normal+PP+R75, Small+Native+R75, Small+PP+R75, Tiny+Native+R75, Tiny+PP+R75","1316 x 988 ( Extremely High Performance ) 25%, 1738 x 1302 ( High Performance ) 33%, 2158 x 1618 ( Performance ) 41%, 2632 x 1974 ( Quality ) 50%, 3474 x 2606 ( Very High Quality ) 66%, 3948 x 2962 ( Extremely High Quality ) 75%, 4422 x 3316 ( Supreme Quality ) 84%, 4896 x 3672 ( Ultimate Quality ) 93%, 5264 x 3948 ( Ultimate Quality ) 100%, 2066 x 1548 ( Performance ) ~39%, 2726 x 2044 ( Quality ) ~52%, 3386 x 2540 ( Very High Quality ) ~64%, 4130 x 3098 ( Extremely High Quality ) ~78%, 5452 x 4088 ( Hyperion Quality ) ~104%",,,,,,,,,,,,
Pimax Vision 8K X | Normal+Native+R75,Pimax Vision 8K X,Pimax,Vision 8K X,Normal+Native+R75,UNABLE,UNABLE,3728,3160,75Hz,128.5758°,1.145,"Large+Native+R75, Large+PP+R75, Normal+Native+R75, Normal+PP+R75, Small+Native+R75, Small+PP+R75, Tiny+Native+R75, Tiny+PP+R75","1054 x 790 ( Extremely High Performance ) 25%, 1392 x 1044 ( Extremely High Performance ) 33%, 1728 x 1296 ( High Performance ) 41%, 2108 x 1582 ( Performance ) 50%, 2782 x 2086 ( Quality ) 66%, 3162 x 2372 ( High Quality ) 75%, 3542 x 2656 ( Very High Quality ) 84%, 3920 x 2940 ( Extremely High Quality ) 93%, 4216 x 3162 ( Extremely High Quality ) 100%, 5060 x 3794 ( Ultimate Quality ) 120%, 932 x 700 ( Safe Mode ) ~22%, 1230 x 922 ( Extremely High Performance ) ~29%, 1528 x 1146 ( High Performance ) ~36%, 1864 x 1398 ( High Performance ) ~44%, 2460 x 1846 ( Quality ) ~58%, 2796 x 2098 ( Quality ) ~66%, 3132 x 2348 ( High Quality ) ~74%, 3468 x 2600 ( Very High Quality ) ~82%, 3728 x 2796 ( Very High Quality ) ~88%, 4474 x 3356 ( Supreme Quality ) ~106%",,,,,,,,,,,,
Pimax Vision 8K X | Normal+PP+R75,Pimax Vision 8K X,Pimax,Vision 8K X,Normal+PP+R75,UNABLE,UNABLE,4544,3948,75Hz,129.9208°,1.225,"Large+Native+R75, Large+PP+R75, Normal+Native+R75, Normal+PP+R75, Small+Native+R75, Small+PP+R75, Tiny+Native+R75, Tiny+PP+R75","1316 x 988 ( Extremely High Performance ) 25%, 1738 x 1302 ( High Performance ) 33%, 2158 x 1618 ( Performance ) 41%, 2632 x 1974 ( Quality ) 50%, 3474 x 2606 ( Very High Quality ) 66%, 3948 x 2962 ( Extremely High Quality ) 75%, 4422 x 3316 ( Supreme Quality ) 84%, 4896 x 3672 ( Ultimate Quality ) 93%, 5264 x 3948 ( Ultimate Quality ) 100%, 1136 x 852 ( Extremely High Performance ) ~22%, 1500 x 1124 ( High Performance ) ~28%, 1864 x 1398 ( High Performance ) ~35%, 2272 x 1704 ( Performance ) ~43%, 3000 x 2250 ( High Quality ) ~57%, 3408 x 2556 ( Very High Quality ) ~65%, 3816 x 2862 ( Very High Quality ) ~72%, 4226 x 3170 ( Extremely High Quality ) ~80%, 4544 x 3408 ( Supreme Quality ) ~86%, 5452 x 4090 ( Hyperion Quality ) ~104%",,,,,,,,,,,,
Pimax Vision 8K X | Small+Native+R75,Pimax Vision 8K X,Pimax,Vision 8K X,Small+Native+R75,UNABLE,UNABLE,3052,3160,75Hz,116.3058°,1.150,"Large+Native+R75, Large+PP+R75, Normal+Native+R75, Normal+PP+R75, Small+Native+R75, Small+PP+R75, Tiny+Native+R75, Tiny+PP+R75","1054 x 790 ( Extremely High Performance ) 25%, 1392 x 1044 ( Extremely High Performance ) 33%, 1728 x 1296 ( High Performance ) 41%, 2108 x 1582 ( Performance ) 50%, 2782 x 2086 ( Quality ) 66%, 3162 x 2372 ( High Quality ) 75%, 3542 x 2656 ( Very High Quality ) 84%, 3920 x 2940 ( Extremely High Quality ) 93%, 4216 x 3162 ( Extremely High Quality ) 100%, 5060 x 3794 ( Ultimate Quality ) 120%, 1008 x 756 ( Extremely High Performance ) ~24%, 1252 x 938 ( Extremely High Performance ) ~30%, 1526 x 1144 ( High Performance ) ~36%, 2014 x 1510 ( Performance ) ~48%, 2290 x 1716 ( Performance ) ~54%, 2564 x 1922 ( Quality ) ~61%, 2838 x 2128 ( Quality ) ~67%, 3052 x 2290 ( High Quality ) ~72%, 3662 x 2746 ( Very High Quality ) ~87%",,,,,,,,,,,,
Pimax Vision 8K X | Small+PP+R75,Pimax Vision 8K X,Pimax,Vision 8K X,Small+PP+R75,UNABLE,UNABLE,3268,3948,75Hz,119.2133°,1.225,"Large+Native+R75, Large+PP+R75, Normal+Native+R75, Normal+PP+R75, Small+Native+R75, Small+PP+R75, Tiny+Native+R75, Tiny+PP+R75","1316 x 988 ( Extremely High Performance ) 25%, 1738 x 1302 ( High Performance ) 33%, 2158 x 1618 ( Performance ) 41%, 2632 x 1974 ( Quality ) 50%, 3474 x 2606 ( Very High Quality ) 66%, 3948 x 2962 ( Extremely High Quality ) 75%, 4422 x 3316 ( Supreme Quality ) 84%, 4896 x 3672 ( Ultimate Quality ) 93%, 5264 x 3948 ( Ultimate Quality ) 100%, 818 x 612 ( Safe Mode ) ~16%, 1078 x 808 ( Extremely High Performance ) ~20%, 1340 x 1004 ( Extremely High Performance ) ~25%, 1634 x 1226 ( High Performance ) ~31%, 2156 x 1618 ( Performance ) ~41%, 2452 x 1838 ( Quality ) ~47%, 2746 x 2058 ( Quality ) ~52%, 3040 x 2280 ( High Quality ) ~58%, 3268 x 2452 ( High Quality ) ~62%, 3922 x 2942 ( Extremely High Quality ) ~75%",,,,,,,,,,,,
Pimax Vision 8K X | Tiny+Native+R75,Pimax Vision 8K X,Pimax,Vision 8K X,Tiny+Native+R75,UNABLE,UNABLE,2612,3160,75Hz,105.6858°,1.150,"Large+Native+R75, Large+PP+R75, Normal+Native+R75, Normal+PP+R75, Small+Native+R75, Small+PP+R75, Tiny+Native+R75, Tiny+PP+R75","1054 x 790 ( Extremely High Performance ) 25%, 1392 x 1044 ( Extremely High Performance ) 33%, 1728 x 1296 ( High Performance ) 41%, 2108 x 1582 ( Performance ) 50%, 2782 x 2086 ( Quality ) 66%, 3162 x 2372 ( High Quality ) 75%, 3542 x 2656 ( Very High Quality ) 84%, 3920 x 2940 ( Extremely High Quality ) 93%, 4216 x 3162 ( Extremely High Quality ) 100%, 5060 x 3794 ( Ultimate Quality ) 120%, 862 x 646 ( Safe Mode ) ~20%, 1070 x 804 ( Extremely High Performance ) ~25%, 1306 x 980 ( Extremely High Performance ) ~31%, 1724 x 1292 ( High Performance ) ~41%, 1960 x 1470 ( Performance ) ~46%, 2194 x 1646 ( Performance ) ~52%, 2430 x 1822 ( Quality ) ~58%, 2612 x 1960 ( Quality ) ~62%, 3134 x 2350 ( High Quality ) ~74%",,,,,,,,,,,,
Pimax Vision 8K X | Tiny+PP+R75,Pimax Vision 8K X,Pimax,Vision 8K X,Tiny+PP+R75,UNABLE,UNABLE,2588,3948,75Hz,110.5933°,1.225,"Large+Native+R75, Large+PP+R75, Normal+Native+R75, Normal+PP+R75, Small+Native+R75, Small+PP+R75, Tiny+Native+R75, Tiny+PP+R75","1316 x 988 ( Extremely High Performance ) 25%, 1738 x 1302 ( High Performance ) 33%, 2158 x 1618 ( Performance ) 41%, 2632 x 1974 ( Quality ) 50%, 3474 x 2606 ( Very High Quality ) 66%, 3948 x 2962 ( Extremely High Quality ) 75%, 4422 x 3316 ( Supreme Quality ) 84%, 4896 x 3672 ( Ultimate Quality ) 93%, 5264 x 3948 ( Ultimate Quality ) 100%, 854 x 640 ( Safe Mode ) ~16%, 1062 x 796 ( Extremely High Performance ) ~20%, 1294 x 970 ( Extremely High Performance ) ~25%, 1708 x 1282 ( High Performance ) ~32%, 1942 x 1456 ( Performance ) ~37%, 2174 x 1630 ( Performance ) ~41%, 2406 x 1806 ( Quality ) ~46%, 2588 x 1942 ( Quality ) ~49%, 3106 x 2330 ( High Quality ) ~59%",,,,,,,,,,,,
StarVR One | Compatible+Native+R90,StarVR One,StarVR,One,Compatible+Native+R90,1830,1464,1440,1440,90Hz,108.7724°,1.310,"Compatible+Native+R90, Normal+Native+R90","960 x 720 ( Safe Mode ) 50%, 1268 x 950 ( Extremely High Performance ) 66%, 1440 x 1080 ( Extremely High Performance ) 75%, 1612 x 1210 ( High Performance ) 84%, 1786 x 1340 ( High Performance ) 93%, 1920 x 1440 ( High Performance ) 100%, 2304 x 1728 ( Performance ) 120%, 950 x 712 ( Safe Mode ) ~49%, 1080 x 810 ( Extremely High Performance ) ~56%, 1210 x 908 ( Extremely High Performance ) ~63%, 1340 x 1004 ( Extremely High Performance ) ~70%, 1440 x 1080 ( Extremely High Performance ) ~75%, 1728 x 1296 ( High Performance ) ~90%",,,,,,,,,,,,
StarVR One | Normal+Native+R90,StarVR One,StarVR,One,Normal+Native+R90,1830,1464,5720,4304,90Hz,163.5700°,1.290,"Compatible+Native+R90, Normal+Native+R90","1436 x 1076 ( Extremely High Performance ) 25%, 1894 x 1420 ( High Performance ) 33%, 2354 x 1766 ( Performance ) 41%, 2870 x 2152 ( Quality ) 50%, 3788 x 2842 ( Very High Quality ) 66%, 4306 x 3228 ( Extremely High Quality ) 75%, 4822 x 3616 ( Ultimate Quality ) 84%, 5338 x 4004 ( Hyperion Quality ) 93%, 5740 x 4306 ( Hyperion Quality ) 100%, 1430 x 1072 ( Extremely High Performance ) ~25%, 1888 x 1416 ( High Performance ) ~33%, 2346 x 1758 ( Performance ) ~41%, 2860 x 2146 ( Quality ) ~50%, 3776 x 2832 ( Very High Quality ) ~66%, 4290 x 3218 ( Extremely High Quality ) ~75%, 4804 x 3604 ( Ultimate Quality ) ~84%, 5320 x 3990 ( Hyperion Quality ) ~93%, 5720 x 4290 ( Hyperion Quality ) ~100%",,,,,,,,,,,,
Valve Index | Native+R144,Valve Index,Valve,Index,Native+R144,1440,1600,2468,2740,144Hz,112.8262°,1.270,"Native+R144, PP+R144","914 x 686 ( Safe Mode ) 25%, 1206 x 904 ( Extremely High Performance ) 33%, 1498 x 1124 ( High Performance ) 41%, 1828 x 1372 ( High Performance ) 50%, 2412 x 1810 ( Quality ) 66%, 2742 x 2056 ( Quality ) 75%, 3072 x 2304 ( High Quality ) 84%, 3400 x 2550 ( Very High Quality ) 93%, 3656 x 2742 ( Very High Quality ) 100%, 4388 x 3290 ( Supreme Quality ) 120%, 814 x 610 ( Safe Mode ) ~22%, 1012 x 758 ( Extremely High Performance ) ~28%, 1234 x 926 ( Extremely High Performance ) ~34%, 1628 x 1222 ( High Performance ) ~45%, 1852 x 1388 ( High Performance ) ~51%, 2074 x 1554 ( Performance ) ~57%, 2296 x 1722 ( Performance ) ~63%, 2468 x 1852 ( Quality ) ~68%, 2962 x 2222 ( High Quality ) ~81%",,,,"Brightness: 0.87, Contrast: 0.76, Gamma: 0.59","Brightness: 0.46, Contrast: 0.48, Gamma: 0.94",,,,,,,
Valve Index | PP+R144,Valve Index,Valve,Index,PP+R144,1440,1600,2468,2740,144Hz,112.8337°,1.270,"Native+R144, PP+R144","914 x 686 ( Safe Mode ) 25%, 1206 x 904 ( Extremely High Performance ) 33%, 1498 x 1124 ( High Performance ) 41%, 1828 x 1372 ( High Performance ) 50%, 2412 x 1810 ( Quality ) 66%, 2742 x 2056 ( Quality ) 75%, 3072 x 2304 ( High Quality ) 84%, 3400 x 2550 ( Very High Quality ) 93%, 3656 x 2742 ( Very High Quality ) 100%, 4388 x 3290 ( Supreme Quality ) 120%, 814 x 610 ( Safe Mode ) ~22%, 1012 x 758 ( Extremely High Performance ) ~28%, 1234 x 926 ( Extremely High Performance ) ~34%, 1628 x 1222 ( High Performance ) ~45%, 1852 x 1388 ( High Performance ) ~51%, 2074 x 1554 ( Performance ) ~57%, 2296 x 1722 ( Performance ) ~63%, 2468 x 1852 ( Quality ) ~68%, 2962 x 2222 ( High Quality ) ~81%",,,,"Brightness: 0.87, Contrast: 0.76, Gamma: 0.59","Brightness: 0.46, Contrast: 0.48, Gamma: 0.94",,,,,,,
Varjo Aero | Native+R90,Varjo Aero,Varjo,Aero,Native+R90,2880,2720,4148,3556,90Hz,109.9836°,1.125,Native+R90,"1186 x 890 ( Extremely High Performance ) 25%, 1566 x 1174 ( High Performance ) 33%, 1946 x 1458 ( Performance ) 41%, 2372 x 1780 ( Performance ) 50%, 3132 x 2348 ( High Quality ) 66%, 3558 x 2668 ( Very High Quality ) 75%, 3984 x 2988 ( Extremely High Quality ) 84%, 4412 x 3308 ( Supreme Quality ) 93%, 4744 x 3558 ( Supreme Quality ) 100%, 5692 x 4270 ( Hyperion Quality ) 120%, 1038 x 778 ( Extremely High Performance ) ~22%, 1368 x 1026 ( Extremely High Performance ) ~29%, 1700 x 1276 ( High Performance ) ~36%, 2074 x 1556 ( Performance ) ~44%, 2738 x 2054 ( Quality ) ~58%, 3112 x 2334 ( High Quality ) ~66%, 3484 x 2614 ( Very High Quality ) ~73%, 3858 x 2894 ( Extremely High Quality ) ~81%, 4148 x 3112 ( Extremely High Quality ) ~87%, 4978 x 3734 ( Ultimate Quality ) ~105%",,,,,,,,,,,,
Varjo VR-2 | Native+R60,Varjo VR-2,Varjo,VR-2,Native+R60,1440,1600,2048,2048,60Hz,91.7966°,1.220,Native+R60,"902 x 676 ( Safe Mode ) 33%, 1120 x 840 ( Extremely High Performance ) 41%, 1366 x 1024 ( Extremely High Performance ) 50%, 1804 x 1352 ( High Performance ) 66%, 2050 x 1536 ( Performance ) 75%, 2294 x 1722 ( Performance ) 84%, 2540 x 1906 ( Quality ) 93%, 2732 x 2050 ( Quality ) 100%, 3278 x 2458 ( High Quality ) 120%, 840 x 630 ( Safe Mode ) ~31%, 1024 x 768 ( Extremely High Performance ) ~37%, 1352 x 1014 ( Extremely High Performance ) ~49%, 1536 x 1152 ( High Performance ) ~56%, 1720 x 1290 ( High Performance ) ~63%, 1904 x 1428 ( High Performance ) ~70%, 2048 x 1536 ( Performance ) ~75%, 2458 x 1844 ( Quality ) ~90%",,,,,,,,,,,,
Varjo XR-1 | Native+R60,Varjo XR-1,Varjo,XR-1,Native+R60,1440,1600,2048,2048,60Hz,91.6866°,1.220,Native+R60,"902 x 676 ( Safe Mode ) 33%, 1120 x 840 ( Extremely High Performance ) 41%, 1366 x 1024 ( Extremely High Performance ) 50%, 1804 x 1352 ( High Performance ) 66%, 2050 x 1536 ( Performance ) 75%, 2294 x 1722 ( Performance ) 84%, 2540 x 1906 ( Quality ) 93%, 2732 x 2050 ( Quality ) 100%, 3278 x 2458 ( High Quality ) 120%, 840 x 630 ( Safe Mode ) ~31%, 1024 x 768 ( Extremely High Performance ) ~37%, 1352 x 1014 ( Extremely High Performance ) ~49%, 1536 x 1152 ( High Performance ) ~56%, 1720 x 1290 ( High Performance ) ~63%, 1904 x 1428 ( High Performance ) ~70%, 2048 x 1536 ( Performance ) ~75%, 2458 x 1844 ( Quality ) ~90%",,,,,,,,,,,,